Location,Period2011,ART coverage 2011,Death by HIV 2011,People with HIV 2011,Total Population 2011,Period2012,ART coverage 2012,Death by HIV 2012,People with HIV 2012,Total Population 2012,Period2013,ART coverage 2013,Death by HIV 2013,People with HIV 2013,Total Population 2013,Period2014,ART coverage 2014,Death by HIV 2014,People with HIV 2014,Total Population 2014,Period2015,ART coverage 2015,Death by HIV 2015,People with HIV 2015,Total Population 2015,Period2016,ART coverage 2016,Death by HIV 2016,People with HIV 2016,Total Population 2016,Period2017,ART coverage 2017,Death by HIV 2017,People with HIV 2017,Total Population 2017,Period2018,ART coverage 2018,Death by HIV 2018,People with HIV 2018,Total Population 2018,Period2019,ART coverage 2019,Death by HIV 2019,People with HIV 2019,Total Population 2019,Period2020,ART coverage 2020,Death by HIV 2020,People with HIV 2020,Total Population 2020,Period2021,ART coverage 2021,Death by HIV 2021,People with HIV 2021,Total Population 2021
Equatorial Guinea,2011,10.0,1900.0,37000.0,986861.0,2012,15.0,2100.0,40000.0,1031191.0,2013,25.0,2000.0,44000.0,1076412.0,2014,24.0,1800.0,47000.0,1122273.0,2015,22.0,1900.0,50000.0,1168575.0,2016,28.0,2200.0,53000.0,1215181.0,2017,37.0,2200.0,56000.0,1262008.0,2018,36.0,2100.0,59000.0,1308966.0,2019,37.0,2200.0,61000.0,1355982.0,2020,40.0,2300.0,64000.0,1402985.0,2021,41.0,2300.0,66000.0,1449891.0
Tajikistan,2011,10.0,200.0,6300.0,7697507.0,2012,12.0,200.0,7200.0,7874838.0,2013,16.0,500.0,7900.0,8059782.0,2014,23.0,500.0,8500.0,8252828.0,2015,32.0,500.0,9100.0,8454019.0,2016,39.0,200.0,9900.0,8663575.0,2017,46.0,200.0,11000.0,8880270.0,2018,53.0,200.0,11000.0,9100847.0,2019,59.0,200.0,12000.0,9321023.0,2020,63.0,200.0,13000.0,9537642.0,2021,65.0,200.0,13000.0,9749625.0
Angola,2011,10.0,16000.0,260000.0,24220660.0,2012,12.0,16000.0,270000.0,25107925.0,2013,17.0,17000.0,280000.0,26015786.0,2014,22.0,15000.0,290000.0,26941773.0,2015,24.0,15000.0,300000.0,27884380.0,2016,23.0,15000.0,300000.0,28842482.0,2017,25.0,16000.0,310000.0,29816769.0,2018,28.0,17000.0,310000.0,30809787.0,2019,30.0,16000.0,310000.0,31825299.0,2020,35.0,16000.0,310000.0,32866268.0,2021,41.0,15000.0,320000.0,33933611.0
Sierra Leone,2011,11.0,4600.0,71000.0,6563238.0,2012,11.0,4400.0,72000.0,6712586.0,2013,13.0,4400.0,73000.0,6863975.0,2014,15.0,4600.0,74000.0,7017153.0,2015,19.0,4600.0,75000.0,7171909.0,2016,24.0,4300.0,75000.0,7328846.0,2017,31.0,4100.0,75000.0,7488427.0,2018,38.0,3700.0,76000.0,7650149.0,2019,44.0,3400.0,76000.0,7813207.0,2020,50.0,3200.0,76000.0,7976985.0,2021,61.0,3000.0,76000.0,8141343.0
Latvia,2011,12.0,500.0,4600.0,2059709.0,2012,14.0,500.0,4800.0,2034319.0,2013,15.0,500.0,5000.0,2012647.0,2014,16.0,500.0,5200.0,1993782.0,2015,17.0,500.0,5500.0,1977527.0,2016,30.0,500.0,5800.0,1959537.0,2017,35.0,100.0,6200.0,1942248.0,2018,38.0,100.0,6600.0,1927174.0,2019,42.0,100.0,7000.0,1913822.0,2020,41.0,100.0,7400.0,1900449.0,2021,39.0,100.0,7800.0,1883162.0
Syrian Arab Republic,2011,14.0,100.0,510.0,21081814.0,2012,16.0,100.0,520.0,20438861.0,2013,17.0,100.0,530.0,19578466.0,2014,18.0,100.0,540.0,18710711.0,2015,18.0,100.0,550.0,17997411.0,2016,20.0,100.0,560.0,17465567.0,2017,25.0,100.0,580.0,17095669.0,2018,32.0,100.0,610.0,16945062.0,2019,38.0,100.0,660.0,17070132.0,2020,39.0,100.0,730.0,17500657.0,2021,38.0,100.0,810.0,18275704.0
Guinea-Bissau,2011,14.0,2100.0,37000.0,1562996.0,2012,17.0,2000.0,37000.0,1604981.0,2013,18.0,1900.0,38000.0,1648259.0,2014,21.0,2000.0,38000.0,1692433.0,2015,25.0,1900.0,39000.0,1737207.0,2016,30.0,1900.0,39000.0,1782434.0,2017,31.0,1800.0,39000.0,1828146.0,2018,38.0,1900.0,39000.0,1874304.0,2019,42.0,1800.0,39000.0,1920917.0,2020,44.0,1700.0,39000.0,1967998.0,2021,45.0,1700.0,40000.0,2015490.0
Liberia,2011,15.0,2700.0,39000.0,4017446.0,2012,14.0,2500.0,38000.0,4135662.0,2013,17.0,2500.0,38000.0,4248337.0,2014,19.0,2400.0,37000.0,4359508.0,2015,20.0,2400.0,37000.0,4472229.0,2016,22.0,2300.0,36000.0,4586788.0,2017,33.0,2100.0,35000.0,4702224.0,2018,40.0,1700.0,35000.0,4818976.0,2019,45.0,1500.0,35000.0,4937374.0,2020,54.0,1300.0,34000.0,5057677.0,2021,61.0,1100.0,34000.0,5180208.0
Kazakhstan,2011,15.0,500.0,12000.0,16557202.0,2012,19.0,500.0,14000.0,16792090.0,2013,23.0,500.0,16000.0,17035551.0,2014,26.0,500.0,18000.0,17288285.0,2015,32.0,500.0,20000.0,17542806.0,2016,36.0,200.0,22000.0,17794055.0,2017,46.0,200.0,24000.0,18037776.0,2018,56.0,200.0,27000.0,18276452.0,2019,60.0,200.0,29000.0,18513673.0,2020,63.0,200.0,32000.0,18755666.0,2021,64.0,200.0,35000.0,19002586.0
Comoros,2011,15.0,100.0,200.0,706578.0,2012,18.0,100.0,200.0,723865.0,2013,20.0,100.0,200.0,741511.0,2014,22.0,100.0,200.0,759390.0,2015,29.0,100.0,200.0,777435.0,2016,31.0,100.0,200.0,795597.0,2017,35.0,100.0,200.0,813890.0,2018,42.0,100.0,200.0,832322.0,2019,53.0,100.0,200.0,850891.0,2020,58.0,100.0,200.0,869595.0,2021,61.0,100.0,200.0,888456.0
Tunisia,2011,15.0,100.0,3300.0,10741872.0,2012,13.0,200.0,3600.0,10846993.0,2013,14.0,200.0,3800.0,10952949.0,2014,16.0,200.0,4100.0,11063195.0,2015,17.0,200.0,4300.0,11179951.0,2016,19.0,200.0,4500.0,11303942.0,2017,20.0,200.0,4700.0,11433438.0,2018,22.0,500.0,4800.0,11565203.0,2019,26.0,500.0,5000.0,11694721.0,2020,28.0,500.0,5200.0,11818618.0,2021,29.0,500.0,5400.0,11935764.0
Mauritania,2011,18.0,570.0,9600.0,3598646.0,2012,19.0,590.0,9500.0,3706555.0,2013,23.0,600.0,9400.0,3817497.0,2014,24.0,570.0,9300.0,3930894.0,2015,27.0,560.0,9200.0,4046304.0,2016,28.0,570.0,9200.0,4163532.0,2017,33.0,570.0,9200.0,4282582.0,2018,33.0,540.0,9100.0,4403312.0,2019,35.0,530.0,9500.0,4525698.0,2020,36.0,510.0,9400.0,4649660.0,2021,38.0,500.0,9400.0,4775110.0
Fiji,2011,19.0,100.0,500.0,863451.0,2012,28.0,100.0,570.0,865065.0,2013,26.0,100.0,650.0,865602.0,2014,27.0,100.0,710.0,866447.0,2015,26.0,100.0,790.0,868632.0,2016,25.0,100.0,870.0,872406.0,2017,28.0,100.0,960.0,877460.0,2018,33.0,100.0,1100.0,883490.0,2019,37.0,100.0,1200.0,889955.0,2020,39.0,100.0,1300.0,896444.0,2021,45.0,100.0,1400.0,902899.0
Colombia,2011,19.0,6200.0,120000.0,45662747.0,2012,26.0,5200.0,120000.0,46075721.0,2013,30.0,4300.0,130000.0,46495492.0,2014,35.0,4100.0,130000.0,46967706.0,2015,41.0,3800.0,140000.0,47520667.0,2016,47.0,3300.0,140000.0,48175048.0,2017,51.0,2900.0,150000.0,48909844.0,2018,50.0,2700.0,160000.0,49661056.0,2019,57.0,2900.0,160000.0,50339443.0,2020,69.0,2300.0,170000.0,50882884.0,2021,74.0,1700.0,170000.0,51265841.0
Afghanistan,2011,2.0,500.0,4800.0,30117411.0,2012,3.0,500.0,5400.0,31161378.0,2013,4.0,500.0,5900.0,32269592.0,2014,4.0,500.0,6400.0,33370804.0,2015,5.0,500.0,6900.0,34413603.0,2016,7.0,500.0,7500.0,35383028.0,2017,11.0,500.0,8000.0,36296111.0,2018,11.0,500.0,8700.0,37171922.0,2019,11.0,500.0,9400.0,38041757.0,2020,11.0,500.0,10000.0,38928341.0,2021,10.0,530.0,11000.0,39835428.0
Malaysia,2011,20.0,3000.0,64000.0,28650962.0,2012,21.0,3100.0,65000.0,29068189.0,2013,24.0,3300.0,65000.0,29468923.0,2014,30.0,3100.0,66000.0,29866606.0,2015,35.0,2700.0,67000.0,30270965.0,2016,48.0,2300.0,68000.0,30684652.0,2017,50.0,1600.0,70000.0,31104655.0,2018,52.0,1500.0,73000.0,31528033.0,2019,53.0,1600.0,75000.0,31949789.0,2020,54.0,1600.0,78000.0,32365998.0,2021,55.0,1600.0,82000.0,32776195.0
Cameroon,2011,20.0,27000.0,520000.0,20906392.0,2012,23.0,26000.0,520000.0,21485267.0,2013,25.0,25000.0,520000.0,22077300.0,2014,28.0,25000.0,520000.0,22681853.0,2015,33.0,25000.0,510000.0,23298376.0,2016,40.0,24000.0,510000.0,23926549.0,2017,50.0,22000.0,510000.0,24566070.0,2018,56.0,18000.0,500000.0,25216261.0,2019,62.0,16000.0,500000.0,25876387.0,2020,70.0,14000.0,500000.0,26545864.0,2021,78.0,13000.0,500000.0,27224262.0
Belarus,2011,21.0,500.0,15000.0,9461643.0,2012,25.0,500.0,17000.0,9446836.0,2013,28.0,500.0,19000.0,9443211.0,2014,29.0,500.0,21000.0,9448515.0,2015,33.0,500.0,22000.0,9461076.0,2016,36.0,500.0,24000.0,9469379.0,2017,45.0,500.0,25000.0,9458989.0,2018,60.0,500.0,26000.0,9438785.0,2019,66.0,200.0,27000.0,9419758.0,2020,68.0,200.0,28000.0,9379952.0,2021,70.0,200.0,28000.0,9340314.0
Albania,2011,21.0,100.0,840.0,2905195.0,2012,26.0,100.0,910.0,2900401.0,2013,34.0,100.0,980.0,2895092.0,2014,35.0,100.0,1100.0,2889104.0,2015,39.0,100.0,1100.0,2880703.0,2016,43.0,100.0,1200.0,2876101.0,2017,46.0,100.0,1200.0,2873457.0,2018,45.0,100.0,1300.0,2866376.0,2019,45.0,100.0,1300.0,2854191.0,2020,49.0,100.0,1400.0,2837849.0,2021,53.0,100.0,1400.0,2811666.0
Nicaragua,2011,22.0,500.0,8000.0,5903035.0,2012,26.0,500.0,8400.0,5982530.0,2013,28.0,500.0,8700.0,6062462.0,2014,32.0,500.0,9100.0,6142734.0,2015,36.0,500.0,9400.0,6223234.0,2016,39.0,500.0,9700.0,6303970.0,2017,43.0,500.0,10000.0,6384843.0,2018,49.0,500.0,10000.0,6465502.0,2019,53.0,500.0,11000.0,6545503.0,2020,53.0,500.0,11000.0,6624554.0,2021,53.0,500.0,11000.0,6702379.0
Bulgaria,2011,22.0,100.0,2100.0,7348328.0,2012,25.0,100.0,2200.0,7305888.0,2013,28.0,100.0,2300.0,7265115.0,2014,30.0,100.0,2400.0,7223938.0,2015,33.0,100.0,2500.0,7177991.0,2016,37.0,100.0,2600.0,7127822.0,2017,44.0,100.0,2700.0,7075947.0,2018,51.0,100.0,2900.0,7025037.0,2019,56.0,100.0,3000.0,6975761.0,2020,58.0,100.0,3100.0,6934015.0,2021,60.0,100.0,3200.0,6899125.0
Bahrain,2011,23.0,100.0,500.0,1278153.0,2012,24.0,100.0,500.0,1299942.0,2013,26.0,100.0,500.0,1315029.0,2014,29.0,100.0,500.0,1336073.0,2015,33.0,100.0,500.0,1371853.0,2016,34.0,100.0,500.0,1425793.0,2017,38.0,100.0,500.0,1494077.0,2018,39.0,100.0,500.0,1569440.0,2019,66.0,100.0,500.0,1641164.0,2020,69.0,100.0,500.0,1701583.0,2021,63.0,100.0,500.0,1748295.0
Dominican Republic,2011,23.0,3600.0,75000.0,9813219.0,2012,26.0,3500.0,75000.0,9930916.0,2013,28.0,3300.0,75000.0,10048226.0,2014,31.0,3200.0,75000.0,10165182.0,2015,34.0,2900.0,75000.0,10281675.0,2016,36.0,2800.0,75000.0,10397738.0,2017,39.0,2900.0,75000.0,10513111.0,2018,43.0,2800.0,76000.0,10627147.0,2019,45.0,2700.0,77000.0,10738957.0,2020,49.0,2500.0,78000.0,10847904.0,2021,55.0,2300.0,78000.0,10953714.0
Guinea,2011,23.0,4300.0,100000.0,10420459.0,2012,27.0,4200.0,100000.0,10652032.0,2013,27.0,3900.0,110000.0,10892821.0,2014,30.0,4100.0,110000.0,11150970.0,2015,31.0,4400.0,110000.0,11432096.0,2016,33.0,4500.0,110000.0,11738434.0,2017,36.0,4600.0,120000.0,12067516.0,2018,41.0,4700.0,120000.0,12414292.0,2019,49.0,4500.0,120000.0,12771246.0,2020,46.0,4000.0,120000.0,13132792.0,2021,52.0,3900.0,120000.0,13497237.0
Qatar,2011,24.0,100.0,200.0,2035862.0,2012,29.0,100.0,200.0,2196078.0,2013,33.0,100.0,200.0,2336579.0,2014,37.0,100.0,200.0,2459202.0,2015,41.0,100.0,200.0,2565708.0,2016,43.0,100.0,200.0,2654379.0,2017,45.0,100.0,500.0,2724727.0,2018,47.0,100.0,500.0,2781682.0,2019,48.0,100.0,500.0,2832071.0,2020,49.0,100.0,500.0,2881060.0,2021,58.0,100.0,500.0,2930524.0
Montenegro,2011,24.0,100.0,500.0,620079.0,2012,26.0,100.0,500.0,620601.0,2013,29.0,100.0,500.0,621207.0,2014,33.0,100.0,500.0,621810.0,2015,35.0,100.0,500.0,622159.0,2016,42.0,100.0,500.0,622303.0,2017,48.0,100.0,500.0,622373.0,2018,53.0,100.0,500.0,622227.0,2019,56.0,100.0,500.0,622028.0,2020,58.0,100.0,500.0,621306.0,2021,58.0,100.0,500.0,620173.0
Togo,2011,24.0,5700.0,110000.0,6595939.0,2012,27.0,5200.0,110000.0,6773807.0,2013,31.0,5000.0,110000.0,6954721.0,2014,34.0,4800.0,110000.0,7137997.0,2015,40.0,4800.0,110000.0,7323162.0,2016,47.0,4500.0,110000.0,7509952.0,2017,55.0,4100.0,110000.0,7698476.0,2018,60.0,3800.0,110000.0,7889095.0,2019,70.0,3200.0,110000.0,8082359.0,2020,75.0,2900.0,110000.0,8278737.0,2021,76.0,2600.0,110000.0,8478242.0
Uganda,2011,25.0,47000.0,1100000.0,33476772.0,2012,34.0,44000.0,1100000.0,34558700.0,2013,44.0,38000.0,1200000.0,35694519.0,2014,54.0,34000.0,1200000.0,36911530.0,2015,58.0,30000.0,1200000.0,38225447.0,2016,65.0,27000.0,1300000.0,39649173.0,2017,73.0,25000.0,1300000.0,41166588.0,2018,77.0,23000.0,1300000.0,42729032.0,2019,80.0,20000.0,1400000.0,44269587.0,2020,81.0,18000.0,1400000.0,45741000.0,2021,82.0,17000.0,1400000.0,47123533.0
Haiti,2011,26.0,5500.0,130000.0,10100320.0,2012,32.0,5200.0,130000.0,10250922.0,2013,40.0,4600.0,140000.0,10400672.0,2014,45.0,3900.0,140000.0,10549007.0,2015,49.0,3600.0,140000.0,10695540.0,2016,59.0,3300.0,140000.0,10839976.0,2017,65.0,2800.0,140000.0,10982367.0,2018,63.0,2300.0,150000.0,11123183.0,2019,74.0,2200.0,150000.0,11263079.0,2020,82.0,1900.0,150000.0,11402533.0,2021,85.0,1500.0,150000.0,11541683.0
Gabon,2011,27.0,2600.0,47000.0,1684629.0,2012,31.0,2500.0,48000.0,1749677.0,2013,41.0,2200.0,48000.0,1817070.0,2014,43.0,1900.0,49000.0,1883801.0,2015,44.0,1800.0,49000.0,1947690.0,2016,45.0,1900.0,49000.0,2007882.0,2017,46.0,1900.0,49000.0,2064812.0,2018,48.0,2000.0,49000.0,2119275.0,2019,50.0,1900.0,48000.0,2172578.0,2020,51.0,1900.0,47000.0,2225728.0,2021,54.0,2000.0,47000.0,2278829.0
Mali,2011,27.0,5300.0,110000.0,15514593.0,2012,27.0,5000.0,110000.0,15979492.0,2013,27.0,5300.0,110000.0,16449854.0,2014,30.0,5600.0,110000.0,16934213.0,2015,33.0,5600.0,110000.0,17438772.0,2016,36.0,5200.0,110000.0,17965448.0,2017,40.0,5000.0,110000.0,18512429.0,2018,44.0,4900.0,110000.0,19077755.0,2019,43.0,4600.0,110000.0,19658023.0,2020,54.0,4700.0,110000.0,20250834.0,2021,53.0,4100.0,110000.0,20855724.0
Paraguay,2011,27.0,500.0,11000.0,6333981.0,2012,30.0,500.0,12000.0,6421510.0,2013,34.0,500.0,12000.0,6510273.0,2014,38.0,500.0,13000.0,6599524.0,2015,41.0,500.0,13000.0,6688746.0,2016,47.0,500.0,14000.0,6777878.0,2017,55.0,500.0,14000.0,6867058.0,2018,58.0,500.0,15000.0,6956069.0,2019,62.0,500.0,15000.0,7044639.0,2020,62.0,500.0,16000.0,7132530.0,2021,66.0,500.0,16000.0,7219641.0
Senegal,2011,27.0,2200.0,47000.0,13033814.0,2012,26.0,2300.0,46000.0,13401990.0,2013,31.0,2500.0,45000.0,13782429.0,2014,38.0,2400.0,43000.0,14174740.0,2015,44.0,2200.0,42000.0,14578450.0,2016,51.0,2000.0,41000.0,14993514.0,2017,57.0,1800.0,40000.0,15419354.0,2018,66.0,1600.0,40000.0,15854324.0,2019,73.0,1400.0,40000.0,16296362.0,2020,76.0,1200.0,40000.0,16743930.0,2021,79.0,1000.0,40000.0,17196308.0
Burundi,2011,29.0,4900.0,90000.0,8958406.0,2012,33.0,4300.0,89000.0,9245992.0,2013,38.0,3900.0,87000.0,9540302.0,2014,43.0,3600.0,85000.0,9844301.0,2015,50.0,3200.0,84000.0,10160034.0,2016,63.0,2700.0,83000.0,10488002.0,2017,73.0,2300.0,82000.0,10827010.0,2018,81.0,2000.0,81000.0,11175379.0,2019,89.0,1700.0,81000.0,11530577.0,2020,91.0,1500.0,80000.0,11890781.0,2021,93.0,1400.0,80000.0,12255429.0
Belize,2011,29.0,200.0,3100.0,330236.0,2012,31.0,200.0,3200.0,338001.0,2013,35.0,200.0,3200.0,345707.0,2014,37.0,200.0,3200.0,353366.0,2015,40.0,200.0,3200.0,360926.0,2016,43.0,200.0,3300.0,368399.0,2017,43.0,200.0,3300.0,375775.0,2018,46.0,200.0,3300.0,383071.0,2019,47.0,200.0,3400.0,390351.0,2020,47.0,200.0,3400.0,397621.0,2021,48.0,200.0,3500.0,404915.0
Madagascar,2011,3.0,670.0,15000.0,21743970.0,2012,2.0,810.0,18000.0,22346641.0,2013,2.0,1000.0,21000.0,22961259.0,2014,3.0,1200.0,25000.0,23589897.0,2015,4.0,1400.0,29000.0,24234080.0,2016,5.0,1600.0,34000.0,24894370.0,2017,6.0,1900.0,39000.0,25570511.0,2018,8.0,2100.0,43000.0,26262313.0,2019,11.0,2300.0,48000.0,26969306.0,2020,11.0,2500.0,54000.0,27691019.0,2021,15.0,2900.0,60000.0,28427333.0
Chad,2011,30.0,4100.0,110000.0,12360986.0,2012,33.0,4200.0,110000.0,12784748.0,2013,35.0,4200.0,110000.0,13220433.0,2014,38.0,4200.0,110000.0,13663562.0,2015,40.0,4300.0,110000.0,14110971.0,2016,43.0,4300.0,110000.0,14561658.0,2017,46.0,4300.0,110000.0,15016761.0,2018,55.0,4100.0,110000.0,15477727.0,2019,62.0,3500.0,110000.0,15946882.0,2020,70.0,3100.0,110000.0,16425859.0,2021,75.0,2700.0,110000.0,16914985.0
Mexico,2011,30.0,6400.0,240000.0,115695468.0,2012,33.0,6600.0,250000.0,117274156.0,2013,34.0,6200.0,260000.0,118827158.0,2014,35.0,6500.0,280000.0,120355137.0,2015,41.0,6500.0,290000.0,121858251.0,2016,44.0,5600.0,300000.0,123333379.0,2017,45.0,5300.0,310000.0,124777326.0,2018,51.0,5600.0,320000.0,126190782.0,2019,52.0,5100.0,340000.0,127575529.0,2020,57.0,5100.0,350000.0,128932753.0,2021,61.0,4600.0,360000.0,130262220.0
Georgia,2011,32.0,100.0,3500.0,3756441.0,2012,43.0,100.0,3900.0,3728874.0,2013,47.0,100.0,4400.0,3717668.0,2014,52.0,100.0,4900.0,3719414.0,2015,57.0,100.0,5400.0,3725276.0,2016,62.0,100.0,5800.0,3727505.0,2017,66.0,100.0,6300.0,3728004.0,2018,68.0,100.0,6800.0,3726549.0,2019,71.0,100.0,7200.0,3720161.0,2020,71.0,100.0,7700.0,3722716.0,2021,71.0,100.0,8100.0,3708610.0
Cuba,2011,35.0,500.0,21000.0,11236671.0,2012,38.0,500.0,23000.0,11257112.0,2013,42.0,500.0,24000.0,11282722.0,2014,49.0,500.0,26000.0,11306909.0,2015,57.0,500.0,27000.0,11324777.0,2016,61.0,500.0,28000.0,11335108.0,2017,65.0,500.0,30000.0,11339255.0,2018,70.0,500.0,32000.0,11338146.0,2019,74.0,500.0,33000.0,11333484.0,2020,72.0,500.0,35000.0,11326616.0,2021,72.0,500.0,36000.0,11317498.0
Burkina Faso,2011,35.0,4600.0,100000.0,16081915.0,2012,38.0,4400.0,100000.0,16571252.0,2013,42.0,4400.0,100000.0,17072791.0,2014,47.0,4100.0,99000.0,17586029.0,2015,54.0,3900.0,97000.0,18110616.0,2016,60.0,3400.0,96000.0,18646350.0,2017,68.0,3200.0,94000.0,19193236.0,2018,65.0,2900.0,92000.0,19751466.0,2019,76.0,2600.0,91000.0,20321383.0,2020,78.0,2400.0,89000.0,20903278.0,2021,84.0,2000.0,88000.0,21497097.0
Lebanon,2011,35.0,100.0,1500.0,5202022.0,2012,36.0,100.0,1700.0,5537620.0,2013,38.0,100.0,1900.0,5913016.0,2014,40.0,100.0,2100.0,6261046.0,2015,42.0,100.0,2300.0,6532681.0,2016,47.0,100.0,2400.0,6714281.0,2017,52.0,100.0,2600.0,6819373.0,2018,56.0,100.0,2700.0,6859408.0,2019,61.0,100.0,2800.0,6855709.0,2020,64.0,100.0,2900.0,6825442.0,2021,66.0,100.0,3000.0,6769151.0
Malawi,2011,35.0,36000.0,940000.0,14962118.0,2012,43.0,31000.0,940000.0,15396010.0,2013,49.0,26000.0,960000.0,15839287.0,2014,56.0,23000.0,970000.0,16289550.0,2015,61.0,21000.0,980000.0,16745305.0,2016,69.0,20000.0,990000.0,17205253.0,2017,76.0,19000.0,990000.0,17670193.0,2018,82.0,17000.0,990000.0,18143215.0,2019,84.0,15000.0,990000.0,18628749.0,2020,87.0,13000.0,990000.0,19129955.0,2021,91.0,13000.0,990000.0,19647681.0
Cabo Verde,2011,36.0,100.0,1900.0,498858.0,2012,45.0,100.0,1900.0,505241.0,2013,50.0,100.0,2000.0,511740.0,2014,59.0,100.0,2100.0,518276.0,2015,64.0,100.0,2100.0,524740.0,2016,74.0,100.0,2200.0,531140.0,2017,80.0,100.0,2300.0,537499.0,2018,91.0,100.0,2400.0,543764.0,2019,97.0,100.0,2400.0,549936.0,2020,98.0,100.0,2500.0,555988.0,2021,98.0,100.0,2600.0,561901.0
Eswatini,2011,37.0,4900.0,180000.0,1072029.0,2012,42.0,4200.0,190000.0,1079285.0,2013,48.0,3900.0,190000.0,1086843.0,2014,57.0,3800.0,200000.0,1095022.0,2015,66.0,3500.0,200000.0,1104038.0,2016,75.0,3200.0,210000.0,1113994.0,2017,82.0,3200.0,210000.0,1124808.0,2018,83.0,3000.0,210000.0,1136274.0,2019,89.0,2700.0,220000.0,1148133.0,2020,94.0,2800.0,220000.0,1160164.0,2021,91.0,2600.0,220000.0,1172369.0
Libya,2011,37.0,100.0,5200.0,6247438.0,2012,39.0,100.0,5500.0,6285751.0,2013,40.0,100.0,5800.0,6320350.0,2014,44.0,100.0,6100.0,6362039.0,2015,48.0,100.0,6400.0,6418315.0,2016,49.0,100.0,6700.0,6492160.0,2017,50.0,100.0,7100.0,6580723.0,2018,55.0,100.0,7400.0,6678565.0,2019,44.0,200.0,7700.0,6777453.0,2020,41.0,100.0,8000.0,6871287.0,2021,41.0,200.0,8300.0,6958538.0
Benin,2011,38.0,2300.0,67000.0,9460829.0,2012,41.0,2200.0,68000.0,9729254.0,2013,36.0,2100.0,69000.0,10004594.0,2014,41.0,2400.0,70000.0,10286839.0,2015,48.0,2500.0,71000.0,10575962.0,2016,54.0,2300.0,71000.0,10872072.0,2017,54.0,2100.0,71000.0,11175192.0,2018,63.0,2100.0,70000.0,11485035.0,2019,70.0,2200.0,70000.0,11801151.0,2020,76.0,1800.0,69000.0,12123198.0,2021,84.0,1600.0,69000.0,12451031.0
Kenya,2011,38.0,49000.0,1400000.0,43178270.0,2012,43.0,44000.0,1400000.0,44343469.0,2013,46.0,40000.0,1400000.0,45519986.0,2014,53.0,38000.0,1400000.0,46700063.0,2015,63.0,35000.0,1400000.0,47878339.0,2016,72.0,30000.0,1400000.0,49051531.0,2017,78.0,26000.0,1400000.0,50221146.0,2018,76.0,23000.0,1400000.0,51392570.0,2019,77.0,21000.0,1400000.0,52573967.0,2020,78.0,22000.0,1400000.0,53771300.0,2021,78.0,22000.0,1400000.0,54985702.0
Zimbabwe,2011,39.0,51000.0,1300000.0,12894323.0,2012,45.0,41000.0,1300000.0,13115149.0,2013,52.0,36000.0,1300000.0,13350378.0,2014,58.0,32000.0,1300000.0,13586710.0,2015,64.0,30000.0,1300000.0,13814642.0,2016,70.0,28000.0,1300000.0,14030338.0,2017,79.0,27000.0,1300000.0,14236599.0,2018,82.0,25000.0,1300000.0,14438812.0,2019,87.0,23000.0,1300000.0,14645473.0,2020,91.0,22000.0,1300000.0,14862927.0,2021,91.0,20000.0,1300000.0,15092171.0
Costa Rica,2011,40.0,200.0,9300.0,4633086.0,2012,40.0,200.0,10000.0,4688003.0,2013,40.0,200.0,11000.0,4742111.0,2014,41.0,200.0,11000.0,4795390.0,2015,47.0,500.0,12000.0,4847805.0,2016,49.0,200.0,13000.0,4899336.0,2017,52.0,200.0,13000.0,4949955.0,2018,57.0,200.0,14000.0,4999443.0,2019,60.0,200.0,15000.0,5047561.0,2020,58.0,200.0,16000.0,5094114.0,2021,66.0,200.0,17000.0,5139053.0
Algeria,2011,40.0,200.0,6800.0,36661438.0,2012,45.0,200.0,7600.0,37383899.0,2013,54.0,200.0,8500.0,38140135.0,2014,62.0,200.0,9800.0,38923688.0,2015,68.0,200.0,11000.0,39728020.0,2016,73.0,200.0,13000.0,40551398.0,2017,75.0,500.0,15000.0,41389174.0,2018,78.0,500.0,16000.0,42228415.0,2019,80.0,500.0,18000.0,43053054.0,2020,80.0,500.0,20000.0,43851043.0,2021,82.0,500.0,21000.0,44616626.0
Oman,2011,40.0,100.0,1600.0,3251102.0,2012,43.0,100.0,1700.0,3498031.0,2013,47.0,100.0,1800.0,3764805.0,2014,48.0,100.0,1900.0,4027255.0,2015,47.0,100.0,2000.0,4267341.0,2016,52.0,100.0,2000.0,4479217.0,2017,56.0,100.0,2100.0,4665926.0,2018,60.0,100.0,2200.0,4829476.0,2019,65.0,100.0,2300.0,4974992.0,2020,60.0,100.0,2400.0,5106622.0,2021,65.0,100.0,2500.0,5223376.0
Zambia,2011,40.0,30000.0,1100000.0,14023199.0,2012,44.0,28000.0,1100000.0,14465148.0,2013,50.0,26000.0,1100000.0,14926551.0,2014,56.0,25000.0,1200000.0,15399793.0,2015,63.0,24000.0,1200000.0,15879370.0,2016,65.0,22000.0,1200000.0,16363449.0,2017,68.0,21000.0,1300000.0,16853608.0,2018,75.0,23000.0,1300000.0,17351714.0,2019,83.0,23000.0,1300000.0,17861034.0,2020,90.0,21000.0,1300000.0,18383956.0,2021,90.0,19000.0,1300000.0,18920657.0
Trinidad and Tobago,2011,41.0,500.0,12000.0,1336180.0,2012,46.0,500.0,12000.0,1344814.0,2013,51.0,500.0,12000.0,1353708.0,2014,54.0,500.0,12000.0,1362337.0,2015,58.0,500.0,12000.0,1370332.0,2016,58.0,500.0,11000.0,1377563.0,2017,59.0,500.0,11000.0,1384060.0,2018,65.0,500.0,11000.0,1389841.0,2019,70.0,500.0,11000.0,1394969.0,2020,65.0,500.0,11000.0,1399491.0,2021,65.0,500.0,11000.0,1403374.0
Barbados,2011,42.0,100.0,2200.0,282987.0,2012,45.0,100.0,2200.0,283698.0,2013,47.0,100.0,2300.0,284294.0,2014,48.0,100.0,2300.0,284825.0,2015,49.0,100.0,2300.0,285327.0,2016,51.0,100.0,2300.0,285798.0,2017,54.0,100.0,2300.0,286229.0,2018,56.0,100.0,2400.0,286640.0,2019,59.0,100.0,2400.0,287021.0,2020,59.0,100.0,2400.0,287371.0,2021,60.0,100.0,2400.0,287708.0
Ethiopia,2011,42.0,22000.0,640000.0,90139928.0,2012,45.0,19000.0,640000.0,92726982.0,2013,50.0,16000.0,640000.0,95385793.0,2014,57.0,16000.0,640000.0,98094264.0,2015,61.0,16000.0,630000.0,100835453.0,2016,67.0,16000.0,630000.0,103603461.0,2017,70.0,15000.0,630000.0,106399926.0,2018,72.0,14000.0,620000.0,109224410.0,2019,76.0,14000.0,620000.0,112078727.0,2020,78.0,13000.0,620000.0,114963583.0,2021,78.0,12000.0,610000.0,117876226.0
Greece,2011,45.0,100.0,11000.0,11104899.0,2012,46.0,100.0,12000.0,11045011.0,2013,49.0,100.0,13000.0,10965211.0,2014,52.0,100.0,14000.0,10892413.0,2015,56.0,100.0,14000.0,10820883.0,2016,60.0,100.0,14000.0,10775971.0,2017,63.0,100.0,15000.0,10754679.0,2018,67.0,100.0,15000.0,10732882.0,2019,69.0,100.0,15000.0,10721582.0,2020,70.0,100.0,16000.0,10700556.0,2021,70.0,100.0,17000.0,10664568.0
Romania,2011,46.0,500.0,17000.0,20147528.0,2012,47.0,500.0,17000.0,20058035.0,2013,51.0,500.0,17000.0,19983693.0,2014,55.0,500.0,18000.0,19908979.0,2015,59.0,500.0,18000.0,19815616.0,2016,60.0,500.0,18000.0,19702267.0,2017,62.0,500.0,19000.0,19588715.0,2018,63.0,500.0,19000.0,19473970.0,2019,66.0,500.0,19000.0,19371648.0,2020,65.0,500.0,20000.0,19257520.0,2021,66.0,500.0,20000.0,19115146.0
Rwanda,2011,46.0,5600.0,220000.0,10293333.0,2012,53.0,5000.0,220000.0,10549668.0,2013,59.0,4600.0,220000.0,10811538.0,2014,65.0,4100.0,220000.0,11083629.0,2015,71.0,3800.0,220000.0,11369066.0,2016,79.0,3600.0,230000.0,11668829.0,2017,82.0,3400.0,230000.0,11980960.0,2018,85.0,3100.0,230000.0,12301969.0,2019,88.0,2900.0,230000.0,12626938.0,2020,90.0,2700.0,230000.0,12952209.0,2021,93.0,2400.0,230000.0,13276517.0
Guyana,2011,47.0,100.0,7200.0,752029.0,2012,50.0,100.0,7500.0,755388.0,2013,52.0,100.0,7700.0,759281.0,2014,54.0,200.0,8000.0,763371.0,2015,55.0,200.0,8200.0,767433.0,2016,58.0,200.0,8500.0,771363.0,2017,60.0,200.0,8700.0,775218.0,2018,62.0,200.0,9000.0,779007.0,2019,65.0,200.0,9200.0,782775.0,2020,62.0,200.0,9500.0,786559.0,2021,63.0,200.0,9700.0,790329.0
Argentina,2011,50.0,1400.0,110000.0,41261490.0,2012,53.0,1400.0,110000.0,41733271.0,2013,55.0,1300.0,110000.0,42202935.0,2014,57.0,1300.0,120000.0,42669500.0,2015,59.0,1300.0,120000.0,43131966.0,2016,61.0,1300.0,120000.0,43590368.0,2017,63.0,1300.0,130000.0,44044811.0,2018,65.0,1400.0,130000.0,44494502.0,2019,67.0,1400.0,130000.0,44938712.0,2020,69.0,1400.0,140000.0,45376763.0,2021,72.0,1300.0,140000.0,45808747.0
Namibia,2011,50.0,3700.0,190000.0,2156698.0,2012,55.0,3700.0,190000.0,2194777.0,2013,58.0,3400.0,200000.0,2233506.0,2014,57.0,3100.0,200000.0,2273426.0,2015,64.0,3100.0,200000.0,2314901.0,2016,64.0,3500.0,210000.0,2358044.0,2017,72.0,3500.0,210000.0,2402623.0,2018,76.0,3800.0,210000.0,2448300.0,2019,83.0,3500.0,210000.0,2494524.0,2020,85.0,3200.0,210000.0,2540916.0,2021,91.0,2900.0,220000.0,2587344.0
Croatia,2011,51.0,100.0,1100.0,4280622.0,2012,54.0,100.0,1200.0,4267558.0,2013,57.0,100.0,1300.0,4255689.0,2014,61.0,100.0,1300.0,4238389.0,2015,67.0,100.0,1400.0,4203604.0,2016,71.0,100.0,1500.0,4174349.0,2017,74.0,100.0,1500.0,4124531.0,2018,75.0,100.0,1600.0,4087843.0,2019,78.0,100.0,1600.0,4065253.0,2020,77.0,100.0,1700.0,4047680.0,2021,77.0,100.0,1800.0,3899000.0
Serbia,2011,53.0,100.0,1900.0,7234099.0,2012,52.0,100.0,2100.0,7199077.0,2013,52.0,100.0,2200.0,7164132.0,2014,53.0,100.0,2400.0,7130576.0,2015,54.0,100.0,2600.0,7095383.0,2016,57.0,100.0,2800.0,7058322.0,2017,60.0,100.0,2900.0,7020858.0,2018,64.0,100.0,3100.0,6982604.0,2019,64.0,100.0,3300.0,6945235.0,2020,63.0,100.0,3400.0,6899126.0,2021,64.0,100.0,3600.0,6844078.0
Cambodia,2011,53.0,1700.0,83000.0,14541421.0,2012,56.0,1800.0,83000.0,14780454.0,2013,59.0,1900.0,82000.0,15026330.0,2014,63.0,2000.0,81000.0,15274506.0,2015,66.0,2000.0,80000.0,15521435.0,2016,70.0,1900.0,79000.0,15766290.0,2017,73.0,1700.0,78000.0,16009413.0,2018,77.0,1600.0,77000.0,16249795.0,2019,81.0,1400.0,76000.0,16486542.0,2020,83.0,1200.0,75000.0,16718971.0,2021,84.0,1100.0,74000.0,16946446.0
Botswana,2011,54.0,6000.0,330000.0,2015406.0,2012,61.0,5400.0,340000.0,2039551.0,2013,66.0,5400.0,340000.0,2062551.0,2014,67.0,5300.0,350000.0,2088619.0,2015,73.0,5000.0,350000.0,2120716.0,2016,77.0,5200.0,350000.0,2159925.0,2017,80.0,5000.0,360000.0,2205076.0,2018,85.0,5000.0,360000.0,2254067.0,2019,87.0,5100.0,360000.0,2303703.0,2020,89.0,4800.0,360000.0,2351625.0,2021,92.0,4600.0,360000.0,2397240.0
Brazil,2011,57.0,15000.0,660000.0,197514541.0,2012,59.0,16000.0,690000.0,199287292.0,2013,60.0,16000.0,720000.0,201035904.0,2014,62.0,16000.0,750000.0,202763744.0,2015,63.0,16000.0,780000.0,204471759.0,2016,65.0,15000.0,810000.0,206163056.0,2017,67.0,14000.0,830000.0,207833825.0,2018,68.0,14000.0,860000.0,209469320.0,2019,69.0,14000.0,890000.0,211049519.0,2020,71.0,13000.0,920000.0,212559409.0,2021,73.0,13000.0,960000.0,213993441.0
Luxembourg,2011,58.0,100.0,800.0,518347.0,2012,61.0,100.0,860.0,530946.0,2013,61.0,100.0,920.0,543360.0,2014,65.0,100.0,990.0,556319.0,2015,66.0,100.0,1100.0,569604.0,2016,68.0,100.0,1100.0,582014.0,2017,70.0,100.0,1200.0,596336.0,2018,70.0,100.0,1200.0,607950.0,2019,72.0,100.0,1300.0,620001.0,2020,72.0,100.0,1300.0,630419.0,2021,76.0,100.0,1400.0,639070.0
New Zealand,2011,61.0,100.0,2500.0,4384000.0,2012,62.0,100.0,2600.0,4408100.0,2013,63.0,100.0,2700.0,4442100.0,2014,66.0,100.0,2900.0,4516500.0,2015,69.0,100.0,3000.0,4609400.0,2016,73.0,100.0,3100.0,4714100.0,2017,77.0,100.0,3200.0,4813600.0,2018,79.0,100.0,3400.0,4900600.0,2019,79.0,100.0,3500.0,4979200.0,2020,81.0,100.0,3600.0,5090200.0,2021,81.0,100.0,3600.0,5122600.0
Switzerland,2011,66.0,200.0,15000.0,7912398.0,2012,69.0,200.0,16000.0,7996861.0,2013,70.0,200.0,16000.0,8089346.0,2014,72.0,200.0,16000.0,8188649.0,2015,74.0,200.0,17000.0,8282396.0,2016,79.0,200.0,17000.0,8373338.0,2017,85.0,200.0,17000.0,8451840.0,2018,87.0,200.0,17000.0,8514329.0,2019,88.0,200.0,17000.0,8575280.0,2020,91.0,200.0,17000.0,8636561.0,2021,90.0,200.0,17000.0,8697723.0
Sri Lanka,2011,8.0,500.0,3800.0,20398496.0,2012,10.0,500.0,3800.0,20425000.0,2013,14.0,500.0,3800.0,20585000.0,2014,17.0,500.0,3700.0,20778000.0,2015,22.0,500.0,3700.0,20970000.0,2016,29.0,200.0,3700.0,21203000.0,2017,35.0,200.0,3700.0,21444000.0,2018,43.0,200.0,3600.0,21670000.0,2019,51.0,200.0,3600.0,21803000.0,2020,60.0,100.0,3600.0,21919000.0,2021,66.0,100.0,3600.0,22156000.0
Azerbaijan,2011,9.0,580.0,11000.0,9173082.0,2012,12.0,540.0,11000.0,9295784.0,2013,16.0,510.0,11000.0,9416801.0,2014,17.0,500.0,11000.0,9535079.0,2015,23.0,510.0,10000.0,9649341.0,2016,28.0,500.0,10000.0,9757812.0,2017,36.0,500.0,10000.0,9854033.0,2018,43.0,500.0,10000.0,9939771.0,2019,50.0,500.0,10000.0,10024283.0,2020,55.0,200.0,10000.0,10093121.0,2021,61.0,200.0,10000.0,10145212.0
Timor-Leste,2011,9.0,100.0,590.0,1113154.0,2012,13.0,100.0,660.0,1133002.0,2013,19.0,100.0,730.0,1153288.0,2014,22.0,100.0,810.0,1174333.0,2015,22.0,100.0,890.0,1196294.0,2016,26.0,100.0,980.0,1219289.0,2017,27.0,100.0,1100.0,1243260.0,2018,33.0,100.0,1200.0,1267975.0,2019,42.0,100.0,1200.0,1293120.0,2020,47.0,100.0,1300.0,1318442.0,2021,55.0,100.0,1400.0,1343875.0
Mongolia,2011,9.0,100.0,500.0,2770357.0,2012,12.0,100.0,500.0,2824698.0,2013,20.0,100.0,500.0,2881783.0,2014,25.0,100.0,500.0,2940111.0,2015,28.0,100.0,520.0,2998433.0,2016,29.0,100.0,540.0,3056358.0,2017,32.0,100.0,560.0,3113788.0,2018,34.0,100.0,580.0,3170214.0,2019,34.0,100.0,590.0,3225166.0,2020,37.0,100.0,610.0,3278292.0,2021,38.0,100.0,630.0,3329282.0
Norway,2011,93.0,100.0,3200.0,4953088.0,2012,92.0,100.0,3400.0,5018573.0,2013,91.0,100.0,3600.0,5079623.0,2014,90.0,100.0,3800.0,5137232.0,2015,90.0,100.0,4000.0,5188607.0,2016,89.0,100.0,4100.0,5234519.0,2017,89.0,100.0,4300.0,5276968.0,2018,89.0,100.0,4400.0,5311916.0,2019,90.0,100.0,4500.0,5347896.0,2020,92.0,100.0,4500.0,5379475.0,2021,93.0,100.0,4600.0,5408320.0
