,Location,Period,ART (%),ART coverage,Death (%),Death by HIV,Alive (%),Alive with HIV,People with HIV,Total Population
0,Equatorial Guinea,2011,10,3700,5.13513513513514,1900,94.8648648648649,35100,37000,986861
1,Tajikistan,2011,10,630,3.17460317460317,200,96.8253968253968,6100,6300,7697507
2,Angola,2011,10,26000,6.15384615384615,16000,93.8461538461538,244000,260000,24220660
3,Sierra Leone,2011,11,7810,6.47887323943662,4600,93.5211267605634,66400,71000,6563238
4,Latvia,2011,12,552,10.8695652173913,500,89.1304347826087,4100,4600,2059709
5,Syrian Arab Republic,2011,14,71.4,19.6078431372549,100,80.3921568627451,410,510,21081814
6,Guinea-Bissau,2011,14,5180,5.67567567567568,2100,94.3243243243243,34900,37000,1562996
7,Liberia,2011,15,5850,6.92307692307692,2700,93.0769230769231,36300,39000,4017446
8,Kazakhstan,2011,15,1800,4.16666666666667,500,95.8333333333333,11500,12000,16557202
9,Comoros,2011,15,30,50,100,50,100,200,706578
10,Tunisia,2011,15,495,3.03030303030303,100,96.969696969697,3200,3300,10741872
11,Mauritania,2011,18,1728,5.9375,570,94.0625,9030,9600,3598646
12,Fiji,2011,19,95,20,100,80,400,500,863451
13,Colombia,2011,19,22800,5.16666666666667,6200,94.8333333333333,113800,120000,45662747
14,Afghanistan,2011,2,96,10.4166666666667,500,89.5833333333333,4300,4800,30117411
15,Malaysia,2011,20,12800,4.6875,3000,95.3125,61000,64000,28650962
16,Cameroon,2011,20,104000,5.19230769230769,27000,94.8076923076923,493000,520000,20906392
17,Belarus,2011,21,3150,3.33333333333333,500,96.6666666666667,14500,15000,9461643
18,Albania,2011,21,176.4,11.9047619047619,100,88.0952380952381,740,840,2905195
19,Nicaragua,2011,22,1760,6.25,500,93.75,7500,8000,5903035
20,Bulgaria,2011,22,462,4.76190476190476,100,95.2380952380952,2000,2100,7348328
21,Bahrain,2011,23,115,20,100,80,400,500,1278153
22,Dominican Republic,2011,23,17250,4.8,3600,95.2,71400,75000,9813219
23,Guinea,2011,23,23000,4.3,4300,95.7,95700,100000,10420459
24,Qatar,2011,24,48,50,100,50,100,200,2035862
25,Montenegro,2011,24,120,20,100,80,400,500,620079
26,Togo,2011,24,26400,5.18181818181818,5700,94.8181818181818,104300,110000,6595939
27,Uganda,2011,25,275000,4.27272727272727,47000,95.7272727272727,1053000,1100000,33476772
28,Haiti,2011,26,33800,4.23076923076923,5500,95.7692307692308,124500,130000,10100320
29,Gabon,2011,27,12690,5.53191489361702,2600,94.468085106383,44400,47000,1684629
30,Mali,2011,27,29700,4.81818181818182,5300,95.1818181818182,104700,110000,15514593
31,Paraguay,2011,27,2970,4.54545454545455,500,95.4545454545455,10500,11000,6333981
32,Senegal,2011,27,12690,4.68085106382979,2200,95.3191489361702,44800,47000,13033814
33,Burundi,2011,29,26100,5.44444444444444,4900,94.5555555555556,85100,90000,8958406
34,Belize,2011,29,899,6.45161290322581,200,93.5483870967742,2900,3100,330236
35,Madagascar,2011,3,450,4.46666666666667,670,95.5333333333333,14330,15000,21743970
36,Chad,2011,30,33000,3.72727272727273,4100,96.2727272727273,105900,110000,12360986
37,Mexico,2011,30,72000,2.66666666666667,6400,97.3333333333333,233600,240000,115695468
38,Georgia,2011,32,1120,2.85714285714286,100,97.1428571428571,3400,3500,3756441
40,Cuba,2011,35,7350,2.38095238095238,500,97.6190476190476,20500,21000,11236671
41,Burkina Faso,2011,35,35000,4.6,4600,95.4,95400,100000,16081915
42,Lebanon,2011,35,525,6.66666666666667,100,93.3333333333333,1400,1500,5202022
43,Malawi,2011,35,329000,3.82978723404255,36000,96.1702127659575,904000,940000,14962118
44,Cabo Verde,2011,36,684,5.26315789473684,100,94.7368421052632,1800,1900,498858
45,Eswatini,2011,37,66600,2.72222222222222,4900,97.2777777777778,175100,180000,1072029
46,Libya,2011,37,1924,1.92307692307692,100,98.0769230769231,5100,5200,6247438
47,Benin,2011,38,25460,3.43283582089552,2300,96.5671641791045,64700,67000,9460829
48,Kenya,2011,38,532000,3.5,49000,96.5,1351000,1400000,43178270
49,Zimbabwe,2011,39,507000,3.92307692307692,51000,96.0769230769231,1249000,1300000,12894323
50,Costa Rica,2011,40,3720,2.1505376344086,200,97.8494623655914,9100,9300,4633086
51,Algeria,2011,40,2720,2.94117647058823,200,97.0588235294118,6600,6800,36661438
52,Oman,2011,40,640,6.25,100,93.75,1500,1600,3251102
53,Zambia,2011,40,440000,2.72727272727273,30000,97.2727272727273,1070000,1100000,14023199
54,Trinidad and Tobago,2011,41,4920,4.16666666666667,500,95.8333333333333,11500,12000,1336180
55,Barbados,2011,42,924,4.54545454545455,100,95.4545454545455,2100,2200,282987
56,Ethiopia,2011,42,268800,3.4375,22000,96.5625,618000,640000,90139928
57,Greece,2011,45,4950,0.909090909090909,100,99.0909090909091,10900,11000,11104899
58,Romania,2011,46,7820,2.94117647058823,500,97.0588235294118,16500,17000,20147528
59,Rwanda,2011,46,101200,2.54545454545455,5600,97.4545454545455,214400,220000,10293333
60,Guyana,2011,47,3384,1.38888888888889,100,98.6111111111111,7100,7200,752029
61,Argentina,2011,50,55000,1.27272727272727,1400,98.7272727272727,108600,110000,41261490
62,Namibia,2011,50,95000,1.94736842105263,3700,98.0526315789474,186300,190000,2156698
63,Croatia,2011,51,561,9.09090909090909,100,90.9090909090909,1000,1100,4280622
64,Serbia,2011,53,1007,5.26315789473684,100,94.7368421052632,1800,1900,7234099
65,Cambodia,2011,53,43990,2.04819277108434,1700,97.9518072289157,81300,83000,14541421
66,Botswana,2011,54,178200,1.81818181818182,6000,98.1818181818182,324000,330000,2015406
67,Brazil,2011,57,376200,2.27272727272727,15000,97.7272727272727,645000,660000,197514541
68,Luxembourg,2011,58,464,12.5,100,87.5,700,800,518347
69,New Zealand,2011,61,1525,4,100,96,2400,2500,4384000
70,Switzerland,2011,66,9900,1.33333333333333,200,98.6666666666667,14800,15000,7912398
71,Sri Lanka,2011,8,304,13.1578947368421,500,86.8421052631579,3300,3800,20398496
72,Azerbaijan,2011,9,990,5.27272727272727,580,94.7272727272727,10420,11000,9173082
73,Timor-Leste,2011,9,53.1,16.9491525423729,100,83.0508474576271,490,590,1113154
74,Mongolia,2011,9,45,20,100,80,400,500,2770357
75,Norway,2011,93,2976,3.125,100,96.875,3100,3200,4953088
76,Equatorial Guinea,2012,15,6000,5.25,2100,94.75,37900,40000,1031191
77,Tajikistan,2012,12,864,2.77777777777778,200,97.2222222222222,7000,7200,7874838
78,Angola,2012,12,32400,5.92592592592593,16000,94.0740740740741,254000,270000,25107925
79,Sierra Leone,2012,11,7920,6.11111111111111,4400,93.8888888888889,67600,72000,6712586
80,Latvia,2012,14,672,10.4166666666667,500,89.5833333333333,4300,4800,2034319
81,Syrian Arab Republic,2012,16,83.2,19.2307692307692,100,80.7692307692308,420,520,20438861
82,Guinea-Bissau,2012,17,6290,5.40540540540541,2000,94.5945945945946,35000,37000,1604981
83,Liberia,2012,14,5320,6.57894736842105,2500,93.4210526315789,35500,38000,4135662
84,Kazakhstan,2012,19,2660,3.57142857142857,500,96.4285714285714,13500,14000,16792090
85,Comoros,2012,18,36,50,100,50,100,200,723865
86,Tunisia,2012,13,468,5.55555555555556,200,94.4444444444444,3400,3600,10846993
87,Mauritania,2012,19,1805,6.21052631578947,590,93.7894736842105,8910,9500,3706555
88,Fiji,2012,28,159.6,17.5438596491228,100,82.4561403508772,470,570,865065
89,Colombia,2012,26,31200,4.33333333333333,5200,95.6666666666667,114800,120000,46075721
90,Afghanistan,2012,3,162,9.25925925925926,500,90.7407407407407,4900,5400,31161378
91,Malaysia,2012,21,13650,4.76923076923077,3100,95.2307692307692,61900,65000,29068189
92,Cameroon,2012,23,119600,5,26000,95,494000,520000,21485267
93,Belarus,2012,25,4250,2.94117647058823,500,97.0588235294118,16500,17000,9446836
94,Albania,2012,26,236.6,10.989010989011,100,89.010989010989,810,910,2900401
95,Nicaragua,2012,26,2184,5.95238095238095,500,94.0476190476191,7900,8400,5982530
96,Bulgaria,2012,25,550,4.54545454545455,100,95.4545454545455,2100,2200,7305888
97,Bahrain,2012,24,120,20,100,80,400,500,1299942
98,Dominican Republic,2012,26,19500,4.66666666666667,3500,95.3333333333333,71500,75000,9930916
99,Guinea,2012,27,27000,4.2,4200,95.8,95800,100000,10652032
100,Qatar,2012,29,58,50,100,50,100,200,2196078
101,Montenegro,2012,26,130,20,100,80,400,500,620601
102,Togo,2012,27,29700,4.72727272727273,5200,95.2727272727273,104800,110000,6773807
103,Uganda,2012,34,374000,4,44000,96,1056000,1100000,34558700
104,Haiti,2012,32,41600,4,5200,96,124800,130000,10250922
105,Gabon,2012,31,14880,5.20833333333333,2500,94.7916666666667,45500,48000,1749677
106,Mali,2012,27,29700,4.54545454545455,5000,95.4545454545455,105000,110000,15979492
107,Paraguay,2012,30,3600,4.16666666666667,500,95.8333333333333,11500,12000,6421510
108,Senegal,2012,26,11960,5,2300,95,43700,46000,13401990
109,Burundi,2012,33,29370,4.8314606741573,4300,95.1685393258427,84700,89000,9245992
110,Belize,2012,31,992,6.25,200,93.75,3000,3200,338001
111,Madagascar,2012,2,360,4.5,810,95.5,17190,18000,22346641
112,Chad,2012,33,36300,3.81818181818182,4200,96.1818181818182,105800,110000,12784748
113,Mexico,2012,33,82500,2.64,6600,97.36,243400,250000,117274156
114,Georgia,2012,43,1677,2.56410256410256,100,97.4358974358974,3800,3900,3728874
115,Cuba,2012,38,8740,2.17391304347826,500,97.8260869565217,22500,23000,11257112
116,Burkina Faso,2012,38,38000,4.4,4400,95.6,95600,100000,16571252
117,Lebanon,2012,36,612,5.88235294117647,100,94.1176470588235,1600,1700,5537620
118,Malawi,2012,43,404200,3.29787234042553,31000,96.7021276595745,909000,940000,15396010
119,Cabo Verde,2012,45,855,5.26315789473684,100,94.7368421052632,1800,1900,505241
120,Eswatini,2012,42,79800,2.21052631578947,4200,97.7894736842105,185800,190000,1079285
121,Libya,2012,39,2145,1.81818181818182,100,98.1818181818182,5400,5500,6285751
122,Benin,2012,41,27880,3.23529411764706,2200,96.7647058823529,65800,68000,9729254
123,Kenya,2012,43,602000,3.14285714285714,44000,96.8571428571429,1356000,1400000,44343469
124,Zimbabwe,2012,45,585000,3.15384615384615,41000,96.8461538461538,1259000,1300000,13115149
125,Costa Rica,2012,40,4000,2,200,98,9800,10000,4688003
126,Algeria,2012,45,3420,2.63157894736842,200,97.3684210526316,7400,7600,37383899
127,Oman,2012,43,731,5.88235294117647,100,94.1176470588235,1600,1700,3498031
128,Zambia,2012,44,484000,2.54545454545455,28000,97.4545454545455,1072000,1100000,14465148
129,Trinidad and Tobago,2012,46,5520,4.16666666666667,500,95.8333333333333,11500,12000,1344814
130,Barbados,2012,45,990,4.54545454545455,100,95.4545454545455,2100,2200,283698
131,Ethiopia,2012,45,288000,2.96875,19000,97.03125,621000,640000,92726982
132,Greece,2012,46,5520,0.833333333333333,100,99.1666666666667,11900,12000,11045011
133,Romania,2012,47,7990,2.94117647058823,500,97.0588235294118,16500,17000,20058035
134,Rwanda,2012,53,116600,2.27272727272727,5000,97.7272727272727,215000,220000,10549668
135,Guyana,2012,50,3750,1.33333333333333,100,98.6666666666667,7400,7500,755388
136,Argentina,2012,53,58300,1.27272727272727,1400,98.7272727272727,108600,110000,41733271
137,Namibia,2012,55,104500,1.94736842105263,3700,98.0526315789474,186300,190000,2194777
138,Croatia,2012,54,648,8.33333333333333,100,91.6666666666667,1100,1200,4267558
139,Serbia,2012,52,1092,4.76190476190476,100,95.2380952380952,2000,2100,7199077
140,Cambodia,2012,56,46480,2.16867469879518,1800,97.8313253012048,81200,83000,14780454
141,Botswana,2012,61,207400,1.58823529411765,5400,98.4117647058823,334600,340000,2039551
142,Brazil,2012,59,407100,2.31884057971014,16000,97.6811594202899,674000,690000,199287292
143,Luxembourg,2012,61,524.6,11.6279069767442,100,88.3720930232558,760,860,530946
144,New Zealand,2012,62,1612,3.84615384615385,100,96.1538461538462,2500,2600,4408100
145,Switzerland,2012,69,11040,1.25,200,98.75,15800,16000,7996861
146,Sri Lanka,2012,10,380,13.1578947368421,500,86.8421052631579,3300,3800,20425000
147,Azerbaijan,2012,12,1320,4.90909090909091,540,95.0909090909091,10460,11000,9295784
148,Timor-Leste,2012,13,85.8,15.1515151515152,100,84.8484848484848,560,660,1133002
149,Mongolia,2012,12,60,20,100,80,400,500,2824698
150,Norway,2012,92,3128,2.94117647058823,100,97.0588235294118,3300,3400,5018573
151,Equatorial Guinea,2013,25,11000,4.54545454545455,2000,95.4545454545455,42000,44000,1076412
152,Tajikistan,2013,16,1264,6.32911392405063,500,93.6708860759494,7400,7900,8059782
153,Angola,2013,17,47600,6.07142857142857,17000,93.9285714285714,263000,280000,26015786
154,Sierra Leone,2013,13,9490,6.02739726027397,4400,93.972602739726,68600,73000,6863975
155,Latvia,2013,15,750,10,500,90,4500,5000,2012647
156,Syrian Arab Republic,2013,17,90.1,18.8679245283019,100,81.1320754716981,430,530,19578466
157,Guinea-Bissau,2013,18,6840,5,1900,95,36100,38000,1648259
158,Liberia,2013,17,6460,6.57894736842105,2500,93.4210526315789,35500,38000,4248337
159,Kazakhstan,2013,23,3680,3.125,500,96.875,15500,16000,17035551
160,Comoros,2013,20,40,50,100,50,100,200,741511
161,Tunisia,2013,14,532,5.26315789473684,200,94.7368421052632,3600,3800,10952949
162,Mauritania,2013,23,2162,6.38297872340426,600,93.6170212765957,8800,9400,3817497
163,Fiji,2013,26,169,15.3846153846154,100,84.6153846153846,550,650,865602
164,Colombia,2013,30,39000,3.30769230769231,4300,96.6923076923077,125700,130000,46495492
165,Afghanistan,2013,4,236,8.47457627118644,500,91.5254237288136,5400,5900,32269592
166,Malaysia,2013,24,15600,5.07692307692308,3300,94.9230769230769,61700,65000,29468923
167,Cameroon,2013,25,130000,4.80769230769231,25000,95.1923076923077,495000,520000,22077300
168,Belarus,2013,28,5320,2.63157894736842,500,97.3684210526316,18500,19000,9443211
169,Albania,2013,34,333.2,10.2040816326531,100,89.795918367347,880,980,2895092
170,Nicaragua,2013,28,2436,5.74712643678161,500,94.2528735632184,8200,8700,6062462
171,Bulgaria,2013,28,644,4.34782608695652,100,95.6521739130435,2200,2300,7265115
172,Bahrain,2013,26,130,20,100,80,400,500,1315029
173,Dominican Republic,2013,28,21000,4.4,3300,95.6,71700,75000,10048226
174,Guinea,2013,27,29700,3.54545454545455,3900,96.4545454545454,106100,110000,10892821
175,Qatar,2013,33,66,50,100,50,100,200,2336579
176,Montenegro,2013,29,145,20,100,80,400,500,621207
177,Togo,2013,31,34100,4.54545454545455,5000,95.4545454545455,105000,110000,6954721
178,Uganda,2013,44,528000,3.16666666666667,38000,96.8333333333333,1162000,1200000,35694519
179,Haiti,2013,40,56000,3.28571428571429,4600,96.7142857142857,135400,140000,10400672
180,Gabon,2013,41,19680,4.58333333333333,2200,95.4166666666667,45800,48000,1817070
181,Mali,2013,27,29700,4.81818181818182,5300,95.1818181818182,104700,110000,16449854
182,Paraguay,2013,34,4080,4.16666666666667,500,95.8333333333333,11500,12000,6510273
183,Senegal,2013,31,13950,5.55555555555556,2500,94.4444444444444,42500,45000,13782429
184,Burundi,2013,38,33060,4.48275862068966,3900,95.5172413793104,83100,87000,9540302
185,Belize,2013,35,1120,6.25,200,93.75,3000,3200,345707
186,Madagascar,2013,2,420,4.76190476190476,1000,95.2380952380952,20000,21000,22961259
187,Chad,2013,35,38500,3.81818181818182,4200,96.1818181818182,105800,110000,13220433
188,Mexico,2013,34,88400,2.38461538461538,6200,97.6153846153846,253800,260000,118827158
189,Georgia,2013,47,2068,2.27272727272727,100,97.7272727272727,4300,4400,3717668
190,Cuba,2013,42,10080,2.08333333333333,500,97.9166666666667,23500,24000,11282722
191,Burkina Faso,2013,42,42000,4.4,4400,95.6,95600,100000,17072791
192,Lebanon,2013,38,722,5.26315789473684,100,94.7368421052632,1800,1900,5913016
193,Malawi,2013,49,470400,2.70833333333333,26000,97.2916666666667,934000,960000,15839287
194,Cabo Verde,2013,50,1000,5,100,95,1900,2000,511740
195,Eswatini,2013,48,91200,2.05263157894737,3900,97.9473684210526,186100,190000,1086843
196,Libya,2013,40,2320,1.72413793103448,100,98.2758620689655,5700,5800,6320350
197,Benin,2013,36,24840,3.04347826086957,2100,96.9565217391304,66900,69000,10004594
198,Kenya,2013,46,644000,2.85714285714286,40000,97.1428571428571,1360000,1400000,45519986
199,Zimbabwe,2013,52,676000,2.76923076923077,36000,97.2307692307692,1264000,1300000,13350378
200,Costa Rica,2013,40,4400,1.81818181818182,200,98.1818181818182,10800,11000,4742111
201,Algeria,2013,54,4590,2.35294117647059,200,97.6470588235294,8300,8500,38140135
202,Oman,2013,47,846,5.55555555555556,100,94.4444444444444,1700,1800,3764805
203,Zambia,2013,50,550000,2.36363636363636,26000,97.6363636363636,1074000,1100000,14926551
204,Trinidad and Tobago,2013,51,6120,4.16666666666667,500,95.8333333333333,11500,12000,1353708
205,Barbados,2013,47,1081,4.34782608695652,100,95.6521739130435,2200,2300,284294
206,Ethiopia,2013,50,320000,2.5,16000,97.5,624000,640000,95385793
207,Greece,2013,49,6370,0.769230769230769,100,99.2307692307692,12900,13000,10965211
208,Romania,2013,51,8670,2.94117647058823,500,97.0588235294118,16500,17000,19983693
209,Rwanda,2013,59,129800,2.09090909090909,4600,97.9090909090909,215400,220000,10811538
210,Guyana,2013,52,4004,1.2987012987013,100,98.7012987012987,7600,7700,759281
211,Argentina,2013,55,60500,1.18181818181818,1300,98.8181818181818,108700,110000,42202935
212,Namibia,2013,58,116000,1.7,3400,98.3,196600,200000,2233506
213,Croatia,2013,57,741,7.69230769230769,100,92.3076923076923,1200,1300,4255689
214,Serbia,2013,52,1144,4.54545454545455,100,95.4545454545455,2100,2200,7164132
215,Cambodia,2013,59,48380,2.31707317073171,1900,97.6829268292683,80100,82000,15026330
216,Botswana,2013,66,224400,1.58823529411765,5400,98.4117647058823,334600,340000,2062551
217,Brazil,2013,60,432000,2.22222222222222,16000,97.7777777777778,704000,720000,201035904
218,Luxembourg,2013,61,561.2,10.8695652173913,100,89.1304347826087,820,920,543360
219,New Zealand,2013,63,1701,3.7037037037037,100,96.2962962962963,2600,2700,4442100
220,Switzerland,2013,70,11200,1.25,200,98.75,15800,16000,8089346
221,Sri Lanka,2013,14,532,13.1578947368421,500,86.8421052631579,3300,3800,20585000
222,Azerbaijan,2013,16,1760,4.63636363636364,510,95.3636363636364,10490,11000,9416801
223,Timor-Leste,2013,19,138.7,13.6986301369863,100,86.3013698630137,630,730,1153288
224,Mongolia,2013,20,100,20,100,80,400,500,2881783
225,Norway,2013,91,3276,2.77777777777778,100,97.2222222222222,3500,3600,5079623
226,Equatorial Guinea,2014,24,11280,3.82978723404255,1800,96.1702127659575,45200,47000,1122273
227,Tajikistan,2014,23,1955,5.88235294117647,500,94.1176470588235,8000,8500,8252828
228,Angola,2014,22,63800,5.17241379310345,15000,94.8275862068966,275000,290000,26941773
229,Sierra Leone,2014,15,11100,6.21621621621622,4600,93.7837837837838,69400,74000,7017153
230,Latvia,2014,16,832,9.61538461538462,500,90.3846153846154,4700,5200,1993782
231,Syrian Arab Republic,2014,18,97.2,18.5185185185185,100,81.4814814814815,440,540,18710711
232,Guinea-Bissau,2014,21,7980,5.26315789473684,2000,94.7368421052632,36000,38000,1692433
233,Liberia,2014,19,7030,6.48648648648649,2400,93.5135135135135,34600,37000,4359508
234,Kazakhstan,2014,26,4680,2.77777777777778,500,97.2222222222222,17500,18000,17288285
235,Comoros,2014,22,44,50,100,50,100,200,759390
236,Tunisia,2014,16,656,4.87804878048781,200,95.1219512195122,3900,4100,11063195
237,Mauritania,2014,24,2232,6.12903225806452,570,93.8709677419355,8730,9300,3930894
238,Fiji,2014,27,191.7,14.0845070422535,100,85.9154929577465,610,710,866447
239,Colombia,2014,35,45500,3.15384615384615,4100,96.8461538461538,125900,130000,46967706
240,Afghanistan,2014,4,256,7.8125,500,92.1875,5900,6400,33370804
241,Malaysia,2014,30,19800,4.6969696969697,3100,95.3030303030303,62900,66000,29866606
242,Cameroon,2014,28,145600,4.80769230769231,25000,95.1923076923077,495000,520000,22681853
243,Belarus,2014,29,6090,2.38095238095238,500,97.6190476190476,20500,21000,9448515
244,Albania,2014,35,385,9.09090909090909,100,90.9090909090909,1000,1100,2889104
245,Nicaragua,2014,32,2912,5.49450549450549,500,94.5054945054945,8600,9100,6142734
246,Bulgaria,2014,30,720,4.16666666666667,100,95.8333333333333,2300,2400,7223938
247,Bahrain,2014,29,145,20,100,80,400,500,1336073
248,Dominican Republic,2014,31,23250,4.26666666666667,3200,95.7333333333333,71800,75000,10165182
249,Guinea,2014,30,33000,3.72727272727273,4100,96.2727272727273,105900,110000,11150970
250,Qatar,2014,37,74,50,100,50,100,200,2459202
251,Montenegro,2014,33,165,20,100,80,400,500,621810
252,Togo,2014,34,37400,4.36363636363636,4800,95.6363636363636,105200,110000,7137997
253,Uganda,2014,54,648000,2.83333333333333,34000,97.1666666666667,1166000,1200000,36911530
254,Haiti,2014,45,63000,2.78571428571429,3900,97.2142857142857,136100,140000,10549007
255,Gabon,2014,43,21070,3.87755102040816,1900,96.1224489795918,47100,49000,1883801
256,Mali,2014,30,33000,5.09090909090909,5600,94.9090909090909,104400,110000,16934213
257,Paraguay,2014,38,4940,3.84615384615385,500,96.1538461538462,12500,13000,6599524
258,Senegal,2014,38,16340,5.58139534883721,2400,94.4186046511628,40600,43000,14174740
259,Burundi,2014,43,36550,4.23529411764706,3600,95.7647058823529,81400,85000,9844301
260,Belize,2014,37,1184,6.25,200,93.75,3000,3200,353366
261,Madagascar,2014,3,750,4.8,1200,95.2,23800,25000,23589897
262,Chad,2014,38,41800,3.81818181818182,4200,96.1818181818182,105800,110000,13663562
263,Mexico,2014,35,98000,2.32142857142857,6500,97.6785714285714,273500,280000,120355137
264,Georgia,2014,52,2548,2.04081632653061,100,97.9591836734694,4800,4900,3719414
265,Cuba,2014,49,12740,1.92307692307692,500,98.0769230769231,25500,26000,11306909
266,Burkina Faso,2014,47,46530,4.14141414141414,4100,95.8585858585859,94900,99000,17586029
267,Lebanon,2014,40,840,4.76190476190476,100,95.2380952380952,2000,2100,6261046
268,Malawi,2014,56,543200,2.37113402061856,23000,97.6288659793815,947000,970000,16289550
269,Cabo Verde,2014,59,1239,4.76190476190476,100,95.2380952380952,2000,2100,518276
270,Eswatini,2014,57,114000,1.9,3800,98.1,196200,200000,1095022
271,Libya,2014,44,2684,1.63934426229508,100,98.3606557377049,6000,6100,6362039
272,Benin,2014,41,28700,3.42857142857143,2400,96.5714285714286,67600,70000,10286839
273,Kenya,2014,53,742000,2.71428571428571,38000,97.2857142857143,1362000,1400000,46700063
274,Zimbabwe,2014,58,754000,2.46153846153846,32000,97.5384615384615,1268000,1300000,13586710
275,Costa Rica,2014,41,4510,1.81818181818182,200,98.1818181818182,10800,11000,4795390
276,Algeria,2014,62,6076,2.04081632653061,200,97.9591836734694,9600,9800,38923688
277,Oman,2014,48,912,5.26315789473684,100,94.7368421052632,1800,1900,4027255
278,Zambia,2014,56,672000,2.08333333333333,25000,97.9166666666667,1175000,1200000,15399793
279,Trinidad and Tobago,2014,54,6480,4.16666666666667,500,95.8333333333333,11500,12000,1362337
280,Barbados,2014,48,1104,4.34782608695652,100,95.6521739130435,2200,2300,284825
281,Ethiopia,2014,57,364800,2.5,16000,97.5,624000,640000,98094264
282,Greece,2014,52,7280,0.714285714285714,100,99.2857142857143,13900,14000,10892413
283,Romania,2014,55,9900,2.77777777777778,500,97.2222222222222,17500,18000,19908979
284,Rwanda,2014,65,143000,1.86363636363636,4100,98.1363636363636,215900,220000,11083629
285,Guyana,2014,54,4320,2.5,200,97.5,7800,8000,763371
286,Argentina,2014,57,68400,1.08333333333333,1300,98.9166666666667,118700,120000,42669500
287,Namibia,2014,57,114000,1.55,3100,98.45,196900,200000,2273426
288,Croatia,2014,61,793,7.69230769230769,100,92.3076923076923,1200,1300,4238389
289,Serbia,2014,53,1272,4.16666666666667,100,95.8333333333333,2300,2400,7130576
290,Cambodia,2014,63,51030,2.46913580246914,2000,97.5308641975309,79000,81000,15274506
291,Botswana,2014,67,234500,1.51428571428571,5300,98.4857142857143,344700,350000,2088619
292,Brazil,2014,62,465000,2.13333333333333,16000,97.8666666666667,734000,750000,202763744
293,Luxembourg,2014,65,643.5,10.1010101010101,100,89.8989898989899,890,990,556319
294,New Zealand,2014,66,1914,3.44827586206897,100,96.551724137931,2800,2900,4516500
295,Switzerland,2014,72,11520,1.25,200,98.75,15800,16000,8188649
296,Sri Lanka,2014,17,629,13.5135135135135,500,86.4864864864865,3200,3700,20778000
297,Azerbaijan,2014,17,1870,4.54545454545455,500,95.4545454545455,10500,11000,9535079
298,Timor-Leste,2014,22,178.2,12.3456790123457,100,87.6543209876543,710,810,1174333
299,Mongolia,2014,25,125,20,100,80,400,500,2940111
300,Norway,2014,90,3420,2.63157894736842,100,97.3684210526316,3700,3800,5137232
301,Equatorial Guinea,2015,22,11000,3.8,1900,96.2,48100,50000,1168575
302,Tajikistan,2015,32,2912,5.49450549450549,500,94.5054945054945,8600,9100,8454019
303,Angola,2015,24,72000,5,15000,95,285000,300000,27884380
304,Sierra Leone,2015,19,14250,6.13333333333333,4600,93.8666666666667,70400,75000,7171909
305,Latvia,2015,17,935,9.09090909090909,500,90.9090909090909,5000,5500,1977527
306,Syrian Arab Republic,2015,18,99,18.1818181818182,100,81.8181818181818,450,550,17997411
307,Guinea-Bissau,2015,25,9750,4.87179487179487,1900,95.1282051282051,37100,39000,1737207
308,Liberia,2015,20,7400,6.48648648648649,2400,93.5135135135135,34600,37000,4472229
309,Kazakhstan,2015,32,6400,2.5,500,97.5,19500,20000,17542806
310,Comoros,2015,29,58,50,100,50,100,200,777435
311,Tunisia,2015,17,731,4.65116279069768,200,95.3488372093023,4100,4300,11179951
312,Mauritania,2015,27,2484,6.08695652173913,560,93.9130434782609,8640,9200,4046304
313,Fiji,2015,26,205.4,12.6582278481013,100,87.3417721518987,690,790,868632
314,Colombia,2015,41,57400,2.71428571428571,3800,97.2857142857143,136200,140000,47520667
315,Afghanistan,2015,5,345,7.2463768115942,500,92.7536231884058,6400,6900,34413603
316,Malaysia,2015,35,23450,4.02985074626866,2700,95.9701492537313,64300,67000,30270965
317,Cameroon,2015,33,168300,4.90196078431373,25000,95.0980392156863,485000,510000,23298376
318,Belarus,2015,33,7260,2.27272727272727,500,97.7272727272727,21500,22000,9461076
319,Albania,2015,39,429,9.09090909090909,100,90.9090909090909,1000,1100,2880703
320,Nicaragua,2015,36,3384,5.31914893617021,500,94.6808510638298,8900,9400,6223234
321,Bulgaria,2015,33,825,4,100,96,2400,2500,7177991
322,Bahrain,2015,33,165,20,100,80,400,500,1371853
323,Dominican Republic,2015,34,25500,3.86666666666667,2900,96.1333333333333,72100,75000,10281675
324,Guinea,2015,31,34100,4,4400,96,105600,110000,11432096
325,Qatar,2015,41,82,50,100,50,100,200,2565708
326,Montenegro,2015,35,175,20,100,80,400,500,622159
327,Togo,2015,40,44000,4.36363636363636,4800,95.6363636363636,105200,110000,7323162
328,Uganda,2015,58,696000,2.5,30000,97.5,1170000,1200000,38225447
329,Haiti,2015,49,68600,2.57142857142857,3600,97.4285714285714,136400,140000,10695540
330,Gabon,2015,44,21560,3.6734693877551,1800,96.3265306122449,47200,49000,1947690
331,Mali,2015,33,36300,5.09090909090909,5600,94.9090909090909,104400,110000,17438772
332,Paraguay,2015,41,5330,3.84615384615385,500,96.1538461538462,12500,13000,6688746
333,Senegal,2015,44,18480,5.23809523809524,2200,94.7619047619048,39800,42000,14578450
334,Burundi,2015,50,42000,3.80952380952381,3200,96.1904761904762,80800,84000,10160034
335,Belize,2015,40,1280,6.25,200,93.75,3000,3200,360926
336,Madagascar,2015,4,1160,4.82758620689655,1400,95.1724137931035,27600,29000,24234080
337,Chad,2015,40,44000,3.90909090909091,4300,96.0909090909091,105700,110000,14110971
338,Mexico,2015,41,118900,2.24137931034483,6500,97.7586206896552,283500,290000,121858251
339,Georgia,2015,57,3078,1.85185185185185,100,98.1481481481482,5300,5400,3725276
340,Cuba,2015,57,15390,1.85185185185185,500,98.1481481481482,26500,27000,11324777
341,Burkina Faso,2015,54,52380,4.02061855670103,3900,95.979381443299,93100,97000,18110616
342,Lebanon,2015,42,966,4.34782608695652,100,95.6521739130435,2200,2300,6532681
343,Malawi,2015,61,597800,2.14285714285714,21000,97.8571428571429,959000,980000,16745305
344,Cabo Verde,2015,64,1344,4.76190476190476,100,95.2380952380952,2000,2100,524740
345,Eswatini,2015,66,132000,1.75,3500,98.25,196500,200000,1104038
346,Libya,2015,48,3072,1.5625,100,98.4375,6300,6400,6418315
347,Benin,2015,48,34080,3.52112676056338,2500,96.4788732394366,68500,71000,10575962
348,Kenya,2015,63,882000,2.5,35000,97.5,1365000,1400000,47878339
349,Zimbabwe,2015,64,832000,2.30769230769231,30000,97.6923076923077,1270000,1300000,13814642
350,Costa Rica,2015,47,5640,4.16666666666667,500,95.8333333333333,11500,12000,4847805
351,Algeria,2015,68,7480,1.81818181818182,200,98.1818181818182,10800,11000,39728020
352,Oman,2015,47,940,5,100,95,1900,2000,4267341
353,Zambia,2015,63,756000,2,24000,98,1176000,1200000,15879370
354,Trinidad and Tobago,2015,58,6960,4.16666666666667,500,95.8333333333333,11500,12000,1370332
355,Barbados,2015,49,1127,4.34782608695652,100,95.6521739130435,2200,2300,285327
356,Ethiopia,2015,61,384300,2.53968253968254,16000,97.4603174603175,614000,630000,100835453
357,Greece,2015,56,7840,0.714285714285714,100,99.2857142857143,13900,14000,10820883
358,Romania,2015,59,10620,2.77777777777778,500,97.2222222222222,17500,18000,19815616
359,Rwanda,2015,71,156200,1.72727272727273,3800,98.2727272727273,216200,220000,11369066
360,Guyana,2015,55,4510,2.4390243902439,200,97.5609756097561,8000,8200,767433
361,Argentina,2015,59,70800,1.08333333333333,1300,98.9166666666667,118700,120000,43131966
362,Namibia,2015,64,128000,1.55,3100,98.45,196900,200000,2314901
363,Croatia,2015,67,938,7.14285714285714,100,92.8571428571429,1300,1400,4203604
364,Serbia,2015,54,1404,3.84615384615385,100,96.1538461538462,2500,2600,7095383
365,Cambodia,2015,66,52800,2.5,2000,97.5,78000,80000,15521435
366,Botswana,2015,73,255500,1.42857142857143,5000,98.5714285714286,345000,350000,2120716
367,Brazil,2015,63,491400,2.05128205128205,16000,97.948717948718,764000,780000,204471759
368,Luxembourg,2015,66,726,9.09090909090909,100,90.9090909090909,1000,1100,569604
369,New Zealand,2015,69,2070,3.33333333333333,100,96.6666666666667,2900,3000,4609400
370,Switzerland,2015,74,12580,1.17647058823529,200,98.8235294117647,16800,17000,8282396
371,Sri Lanka,2015,22,814,13.5135135135135,500,86.4864864864865,3200,3700,20970000
372,Azerbaijan,2015,23,2300,5.1,510,94.9,9490,10000,9649341
373,Timor-Leste,2015,22,195.8,11.2359550561798,100,88.7640449438202,790,890,1196294
374,Mongolia,2015,28,145.6,19.2307692307692,100,80.7692307692308,420,520,2998433
375,Norway,2015,90,3600,2.5,100,97.5,3900,4000,5188607
376,Equatorial Guinea,2016,28,14840,4.15094339622642,2200,95.8490566037736,50800,53000,1215181
377,Tajikistan,2016,39,3861,2.02020202020202,200,97.979797979798,9700,9900,8663575
378,Angola,2016,23,69000,5,15000,95,285000,300000,28842482
379,Sierra Leone,2016,24,18000,5.73333333333333,4300,94.2666666666667,70700,75000,7328846
380,Latvia,2016,30,1740,8.62068965517241,500,91.3793103448276,5300,5800,1959537
381,Syrian Arab Republic,2016,20,112,17.8571428571429,100,82.1428571428571,460,560,17465567
382,Guinea-Bissau,2016,30,11700,4.87179487179487,1900,95.1282051282051,37100,39000,1782434
383,Liberia,2016,22,7920,6.38888888888889,2300,93.6111111111111,33700,36000,4586788
384,Kazakhstan,2016,36,7920,0.909090909090909,200,99.0909090909091,21800,22000,17794055
385,Comoros,2016,31,62,50,100,50,100,200,795597
386,Tunisia,2016,19,855,4.44444444444444,200,95.5555555555556,4300,4500,11303942
387,Mauritania,2016,28,2576,6.19565217391304,570,93.804347826087,8630,9200,4163532
388,Fiji,2016,25,217.5,11.4942528735632,100,88.5057471264368,770,870,872406
389,Colombia,2016,47,65800,2.35714285714286,3300,97.6428571428571,136700,140000,48175048
390,Afghanistan,2016,7,525,6.66666666666667,500,93.3333333333333,7000,7500,35383028
391,Malaysia,2016,48,32640,3.38235294117647,2300,96.6176470588235,65700,68000,30684652
392,Cameroon,2016,40,204000,4.70588235294118,24000,95.2941176470588,486000,510000,23926549
393,Belarus,2016,36,8640,2.08333333333333,500,97.9166666666667,23500,24000,9469379
394,Albania,2016,43,516,8.33333333333333,100,91.6666666666667,1100,1200,2876101
395,Nicaragua,2016,39,3783,5.15463917525773,500,94.8453608247423,9200,9700,6303970
396,Bulgaria,2016,37,962,3.84615384615385,100,96.1538461538462,2500,2600,7127822
397,Bahrain,2016,34,170,20,100,80,400,500,1425793
398,Dominican Republic,2016,36,27000,3.73333333333333,2800,96.2666666666667,72200,75000,10397738
399,Guinea,2016,33,36300,4.09090909090909,4500,95.9090909090909,105500,110000,11738434
400,Qatar,2016,43,86,50,100,50,100,200,2654379
401,Montenegro,2016,42,210,20,100,80,400,500,622303
402,Togo,2016,47,51700,4.09090909090909,4500,95.9090909090909,105500,110000,7509952
403,Uganda,2016,65,845000,2.07692307692308,27000,97.9230769230769,1273000,1300000,39649173
404,Haiti,2016,59,82600,2.35714285714286,3300,97.6428571428571,136700,140000,10839976
405,Gabon,2016,45,22050,3.87755102040816,1900,96.1224489795918,47100,49000,2007882
406,Mali,2016,36,39600,4.72727272727273,5200,95.2727272727273,104800,110000,17965448
407,Paraguay,2016,47,6580,3.57142857142857,500,96.4285714285714,13500,14000,6777878
408,Senegal,2016,51,20910,4.87804878048781,2000,95.1219512195122,39000,41000,14993514
409,Burundi,2016,63,52290,3.25301204819277,2700,96.7469879518072,80300,83000,10488002
410,Belize,2016,43,1419,6.06060606060606,200,93.9393939393939,3100,3300,368399
411,Madagascar,2016,5,1700,4.70588235294118,1600,95.2941176470588,32400,34000,24894370
412,Chad,2016,43,47300,3.90909090909091,4300,96.0909090909091,105700,110000,14561658
413,Mexico,2016,44,132000,1.86666666666667,5600,98.1333333333333,294400,300000,123333379
414,Georgia,2016,62,3596,1.72413793103448,100,98.2758620689655,5700,5800,3727505
415,Cuba,2016,61,17080,1.78571428571429,500,98.2142857142857,27500,28000,11335108
416,Burkina Faso,2016,60,57600,3.54166666666667,3400,96.4583333333333,92600,96000,18646350
417,Lebanon,2016,47,1128,4.16666666666667,100,95.8333333333333,2300,2400,6714281
418,Malawi,2016,69,683100,2.02020202020202,20000,97.979797979798,970000,990000,17205253
419,Cabo Verde,2016,74,1628,4.54545454545455,100,95.4545454545455,2100,2200,531140
420,Eswatini,2016,75,157500,1.52380952380952,3200,98.4761904761905,206800,210000,1113994
421,Libya,2016,49,3283,1.49253731343284,100,98.5074626865672,6600,6700,6492160
422,Benin,2016,54,38340,3.23943661971831,2300,96.7605633802817,68700,71000,10872072
423,Kenya,2016,72,1008000,2.14285714285714,30000,97.8571428571429,1370000,1400000,49051531
424,Zimbabwe,2016,70,910000,2.15384615384615,28000,97.8461538461538,1272000,1300000,14030338
425,Costa Rica,2016,49,6370,1.53846153846154,200,98.4615384615385,12800,13000,4899336
426,Algeria,2016,73,9490,1.53846153846154,200,98.4615384615385,12800,13000,40551398
427,Oman,2016,52,1040,5,100,95,1900,2000,4479217
428,Zambia,2016,65,780000,1.83333333333333,22000,98.1666666666667,1178000,1200000,16363449
429,Trinidad and Tobago,2016,58,6380,4.54545454545455,500,95.4545454545455,10500,11000,1377563
430,Barbados,2016,51,1173,4.34782608695652,100,95.6521739130435,2200,2300,285798
431,Ethiopia,2016,67,422100,2.53968253968254,16000,97.4603174603175,614000,630000,103603461
432,Greece,2016,60,8400,0.714285714285714,100,99.2857142857143,13900,14000,10775971
433,Romania,2016,60,10800,2.77777777777778,500,97.2222222222222,17500,18000,19702267
434,Rwanda,2016,79,181700,1.56521739130435,3600,98.4347826086957,226400,230000,11668829
435,Guyana,2016,58,4930,2.35294117647059,200,97.6470588235294,8300,8500,771363
436,Argentina,2016,61,73200,1.08333333333333,1300,98.9166666666667,118700,120000,43590368
437,Namibia,2016,64,134400,1.66666666666667,3500,98.3333333333333,206500,210000,2358044
438,Croatia,2016,71,1065,6.66666666666667,100,93.3333333333333,1400,1500,4174349
439,Serbia,2016,57,1596,3.57142857142857,100,96.4285714285714,2700,2800,7058322
440,Cambodia,2016,70,55300,2.40506329113924,1900,97.5949367088608,77100,79000,15766290
441,Botswana,2016,77,269500,1.48571428571429,5200,98.5142857142857,344800,350000,2159925
442,Brazil,2016,65,526500,1.85185185185185,15000,98.1481481481482,795000,810000,206163056
443,Luxembourg,2016,68,748,9.09090909090909,100,90.9090909090909,1000,1100,582014
444,New Zealand,2016,73,2263,3.2258064516129,100,96.7741935483871,3000,3100,4714100
445,Switzerland,2016,79,13430,1.17647058823529,200,98.8235294117647,16800,17000,8373338
446,Sri Lanka,2016,29,1073,5.40540540540541,200,94.5945945945946,3500,3700,21203000
447,Azerbaijan,2016,28,2800,5,500,95,9500,10000,9757812
448,Timor-Leste,2016,26,254.8,10.2040816326531,100,89.795918367347,880,980,1219289
449,Mongolia,2016,29,156.6,18.5185185185185,100,81.4814814814815,440,540,3056358
450,Norway,2016,89,3649,2.4390243902439,100,97.5609756097561,4000,4100,5234519
451,Equatorial Guinea,2017,37,20720,3.92857142857143,2200,96.0714285714286,53800,56000,1262008
452,Tajikistan,2017,46,5060,1.81818181818182,200,98.1818181818182,10800,11000,8880270
453,Angola,2017,25,77500,5.16129032258065,16000,94.8387096774194,294000,310000,29816769
454,Sierra Leone,2017,31,23250,5.46666666666667,4100,94.5333333333333,70900,75000,7488427
455,Latvia,2017,35,2170,1.61290322580645,100,98.3870967741936,6100,6200,1942248
456,Syrian Arab Republic,2017,25,145,17.2413793103448,100,82.7586206896552,480,580,17095669
457,Guinea-Bissau,2017,31,12090,4.61538461538462,1800,95.3846153846154,37200,39000,1828146
458,Liberia,2017,33,11550,6,2100,94,32900,35000,4702224
459,Kazakhstan,2017,46,11040,0.833333333333333,200,99.1666666666667,23800,24000,18037776
460,Comoros,2017,35,70,50,100,50,100,200,813890
461,Tunisia,2017,20,940,4.25531914893617,200,95.7446808510638,4500,4700,11433438
462,Mauritania,2017,33,3036,6.19565217391304,570,93.804347826087,8630,9200,4282582
463,Fiji,2017,28,268.8,10.4166666666667,100,89.5833333333333,860,960,877460
464,Colombia,2017,51,76500,1.93333333333333,2900,98.0666666666667,147100,150000,48909844
465,Afghanistan,2017,11,880,6.25,500,93.75,7500,8000,36296111
466,Malaysia,2017,50,35000,2.28571428571429,1600,97.7142857142857,68400,70000,31104655
467,Cameroon,2017,50,255000,4.31372549019608,22000,95.6862745098039,488000,510000,24566070
468,Belarus,2017,45,11250,2,500,98,24500,25000,9458989
469,Albania,2017,46,552,8.33333333333333,100,91.6666666666667,1100,1200,2873457
470,Nicaragua,2017,43,4300,5,500,95,9500,10000,6384843
471,Bulgaria,2017,44,1188,3.7037037037037,100,96.2962962962963,2600,2700,7075947
472,Bahrain,2017,38,190,20,100,80,400,500,1494077
473,Dominican Republic,2017,39,29250,3.86666666666667,2900,96.1333333333333,72100,75000,10513111
474,Guinea,2017,36,43200,3.83333333333333,4600,96.1666666666667,115400,120000,12067516
475,Qatar,2017,45,225,20,100,80,400,500,2724727
476,Montenegro,2017,48,240,20,100,80,400,500,622373
477,Togo,2017,55,60500,3.72727272727273,4100,96.2727272727273,105900,110000,7698476
478,Uganda,2017,73,949000,1.92307692307692,25000,98.0769230769231,1275000,1300000,41166588
479,Haiti,2017,65,91000,2,2800,98,137200,140000,10982367
480,Gabon,2017,46,22540,3.87755102040816,1900,96.1224489795918,47100,49000,2064812
481,Mali,2017,40,44000,4.54545454545455,5000,95.4545454545455,105000,110000,18512429
482,Paraguay,2017,55,7700,3.57142857142857,500,96.4285714285714,13500,14000,6867058
483,Senegal,2017,57,22800,4.5,1800,95.5,38200,40000,15419354
484,Burundi,2017,73,59860,2.80487804878049,2300,97.1951219512195,79700,82000,10827010
485,Belize,2017,43,1419,6.06060606060606,200,93.9393939393939,3100,3300,375775
486,Madagascar,2017,6,2340,4.87179487179487,1900,95.1282051282051,37100,39000,25570511
487,Chad,2017,46,50600,3.90909090909091,4300,96.0909090909091,105700,110000,15016761
488,Mexico,2017,45,139500,1.70967741935484,5300,98.2903225806452,304700,310000,124777326
489,Georgia,2017,66,4158,1.58730158730159,100,98.4126984126984,6200,6300,3728004
490,Cuba,2017,65,19500,1.66666666666667,500,98.3333333333333,29500,30000,11339255
491,Burkina Faso,2017,68,63920,3.40425531914894,3200,96.5957446808511,90800,94000,19193236
492,Lebanon,2017,52,1352,3.84615384615385,100,96.1538461538462,2500,2600,6819373
493,Malawi,2017,76,752400,1.91919191919192,19000,98.0808080808081,971000,990000,17670193
494,Cabo Verde,2017,80,1840,4.34782608695652,100,95.6521739130435,2200,2300,537499
495,Eswatini,2017,82,172200,1.52380952380952,3200,98.4761904761905,206800,210000,1124808
496,Libya,2017,50,3550,1.40845070422535,100,98.5915492957746,7000,7100,6580723
497,Benin,2017,54,38340,2.95774647887324,2100,97.0422535211268,68900,71000,11175192
498,Kenya,2017,78,1092000,1.85714285714286,26000,98.1428571428571,1374000,1400000,50221146
499,Zimbabwe,2017,79,1027000,2.07692307692308,27000,97.9230769230769,1273000,1300000,14236599
500,Costa Rica,2017,52,6760,1.53846153846154,200,98.4615384615385,12800,13000,4949955
501,Algeria,2017,75,11250,3.33333333333333,500,96.6666666666667,14500,15000,41389174
502,Oman,2017,56,1176,4.76190476190476,100,95.2380952380952,2000,2100,4665926
503,Zambia,2017,68,884000,1.61538461538462,21000,98.3846153846154,1279000,1300000,16853608
504,Trinidad and Tobago,2017,59,6490,4.54545454545455,500,95.4545454545455,10500,11000,1384060
505,Barbados,2017,54,1242,4.34782608695652,100,95.6521739130435,2200,2300,286229
506,Ethiopia,2017,70,441000,2.38095238095238,15000,97.6190476190476,615000,630000,106399926
507,Greece,2017,63,9450,0.666666666666667,100,99.3333333333333,14900,15000,10754679
508,Romania,2017,62,11780,2.63157894736842,500,97.3684210526316,18500,19000,19588715
509,Rwanda,2017,82,188600,1.47826086956522,3400,98.5217391304348,226600,230000,11980960
510,Guyana,2017,60,5220,2.29885057471264,200,97.7011494252874,8500,8700,775218
511,Argentina,2017,63,81900,1,1300,99,128700,130000,44044811
512,Namibia,2017,72,151200,1.66666666666667,3500,98.3333333333333,206500,210000,2402623
513,Croatia,2017,74,1110,6.66666666666667,100,93.3333333333333,1400,1500,4124531
514,Serbia,2017,60,1740,3.44827586206897,100,96.551724137931,2800,2900,7020858
515,Cambodia,2017,73,56940,2.17948717948718,1700,97.8205128205128,76300,78000,16009413
516,Botswana,2017,80,288000,1.38888888888889,5000,98.6111111111111,355000,360000,2205076
517,Brazil,2017,67,556100,1.68674698795181,14000,98.3132530120482,816000,830000,207833825
518,Luxembourg,2017,70,840,8.33333333333333,100,91.6666666666667,1100,1200,596336
519,New Zealand,2017,77,2464,3.125,100,96.875,3100,3200,4813600
520,Switzerland,2017,85,14450,1.17647058823529,200,98.8235294117647,16800,17000,8451840
521,Sri Lanka,2017,35,1295,5.40540540540541,200,94.5945945945946,3500,3700,21444000
522,Azerbaijan,2017,36,3600,5,500,95,9500,10000,9854033
523,Timor-Leste,2017,27,297,9.09090909090909,100,90.9090909090909,1000,1100,1243260
524,Mongolia,2017,32,179.2,17.8571428571429,100,82.1428571428571,460,560,3113788
525,Norway,2017,89,3827,2.32558139534884,100,97.6744186046512,4200,4300,5276968
526,Equatorial Guinea,2018,36,21240,3.55932203389831,2100,96.4406779661017,56900,59000,1308966
527,Tajikistan,2018,53,5830,1.81818181818182,200,98.1818181818182,10800,11000,9100847
528,Angola,2018,28,86800,5.48387096774194,17000,94.5161290322581,293000,310000,30809787
529,Sierra Leone,2018,38,28880,4.86842105263158,3700,95.1315789473684,72300,76000,7650149
530,Latvia,2018,38,2508,1.51515151515152,100,98.4848484848485,6500,6600,1927174
531,Syrian Arab Republic,2018,32,195.2,16.3934426229508,100,83.6065573770492,510,610,16945062
532,Guinea-Bissau,2018,38,14820,4.87179487179487,1900,95.1282051282051,37100,39000,1874304
533,Liberia,2018,40,14000,4.85714285714286,1700,95.1428571428571,33300,35000,4818976
534,Kazakhstan,2018,56,15120,0.740740740740741,200,99.2592592592593,26800,27000,18276452
535,Comoros,2018,42,84,50,100,50,100,200,832322
536,Tunisia,2018,22,1056,10.4166666666667,500,89.5833333333333,4300,4800,11565203
537,Mauritania,2018,33,3003,5.93406593406593,540,94.0659340659341,8560,9100,4403312
538,Fiji,2018,33,363,9.09090909090909,100,90.9090909090909,1000,1100,883490
539,Colombia,2018,50,80000,1.6875,2700,98.3125,157300,160000,49661056
540,Afghanistan,2018,11,957,5.74712643678161,500,94.2528735632184,8200,8700,37171922
541,Malaysia,2018,52,37960,2.05479452054794,1500,97.9452054794521,71500,73000,31528033
542,Cameroon,2018,56,280000,3.6,18000,96.4,482000,500000,25216261
543,Belarus,2018,60,15600,1.92307692307692,500,98.0769230769231,25500,26000,9438785
544,Albania,2018,45,585,7.69230769230769,100,92.3076923076923,1200,1300,2866376
545,Nicaragua,2018,49,4900,5,500,95,9500,10000,6465502
546,Bulgaria,2018,51,1479,3.44827586206897,100,96.551724137931,2800,2900,7025037
547,Bahrain,2018,39,195,20,100,80,400,500,1569440
548,Dominican Republic,2018,43,32680,3.68421052631579,2800,96.3157894736842,73200,76000,10627147
549,Guinea,2018,41,49200,3.91666666666667,4700,96.0833333333333,115300,120000,12414292
550,Qatar,2018,47,235,20,100,80,400,500,2781682
551,Montenegro,2018,53,265,20,100,80,400,500,622227
552,Togo,2018,60,66000,3.45454545454545,3800,96.5454545454545,106200,110000,7889095
553,Uganda,2018,77,1001000,1.76923076923077,23000,98.2307692307692,1277000,1300000,42729032
554,Haiti,2018,63,94500,1.53333333333333,2300,98.4666666666667,147700,150000,11123183
555,Gabon,2018,48,23520,4.08163265306122,2000,95.9183673469388,47000,49000,2119275
556,Mali,2018,44,48400,4.45454545454546,4900,95.5454545454546,105100,110000,19077755
557,Paraguay,2018,58,8700,3.33333333333333,500,96.6666666666667,14500,15000,6956069
558,Senegal,2018,66,26400,4,1600,96,38400,40000,15854324
559,Burundi,2018,81,65610,2.46913580246914,2000,97.5308641975309,79000,81000,11175379
560,Belize,2018,46,1518,6.06060606060606,200,93.9393939393939,3100,3300,383071
561,Madagascar,2018,8,3440,4.88372093023256,2100,95.1162790697675,40900,43000,26262313
562,Chad,2018,55,60500,3.72727272727273,4100,96.2727272727273,105900,110000,15477727
563,Mexico,2018,51,163200,1.75,5600,98.25,314400,320000,126190782
564,Georgia,2018,68,4624,1.47058823529412,100,98.5294117647059,6700,6800,3726549
565,Cuba,2018,70,22400,1.5625,500,98.4375,31500,32000,11338146
566,Burkina Faso,2018,65,59800,3.15217391304348,2900,96.8478260869565,89100,92000,19751466
567,Lebanon,2018,56,1512,3.7037037037037,100,96.2962962962963,2600,2700,6859408
568,Malawi,2018,82,811800,1.71717171717172,17000,98.2828282828283,973000,990000,18143215
569,Cabo Verde,2018,91,2184,4.16666666666667,100,95.8333333333333,2300,2400,543764
570,Eswatini,2018,83,174300,1.42857142857143,3000,98.5714285714286,207000,210000,1136274
571,Libya,2018,55,4070,1.35135135135135,100,98.6486486486487,7300,7400,6678565
572,Benin,2018,63,44100,3,2100,97,67900,70000,11485035
573,Kenya,2018,76,1064000,1.64285714285714,23000,98.3571428571429,1377000,1400000,51392570
574,Zimbabwe,2018,82,1066000,1.92307692307692,25000,98.0769230769231,1275000,1300000,14438812
575,Costa Rica,2018,57,7980,1.42857142857143,200,98.5714285714286,13800,14000,4999443
576,Algeria,2018,78,12480,3.125,500,96.875,15500,16000,42228415
577,Oman,2018,60,1320,4.54545454545455,100,95.4545454545455,2100,2200,4829476
578,Zambia,2018,75,975000,1.76923076923077,23000,98.2307692307692,1277000,1300000,17351714
579,Trinidad and Tobago,2018,65,7150,4.54545454545455,500,95.4545454545455,10500,11000,1389841
580,Barbados,2018,56,1344,4.16666666666667,100,95.8333333333333,2300,2400,286640
581,Ethiopia,2018,72,446400,2.25806451612903,14000,97.741935483871,606000,620000,109224410
582,Greece,2018,67,10050,0.666666666666667,100,99.3333333333333,14900,15000,10732882
583,Romania,2018,63,11970,2.63157894736842,500,97.3684210526316,18500,19000,19473970
584,Rwanda,2018,85,195500,1.34782608695652,3100,98.6521739130435,226900,230000,12301969
585,Guyana,2018,62,5580,2.22222222222222,200,97.7777777777778,8800,9000,779007
586,Argentina,2018,65,84500,1.07692307692308,1400,98.9230769230769,128600,130000,44494502
587,Namibia,2018,76,159600,1.80952380952381,3800,98.1904761904762,206200,210000,2448300
588,Croatia,2018,75,1200,6.25,100,93.75,1500,1600,4087843
589,Serbia,2018,64,1984,3.2258064516129,100,96.7741935483871,3000,3100,6982604
590,Cambodia,2018,77,59290,2.07792207792208,1600,97.9220779220779,75400,77000,16249795
591,Botswana,2018,85,306000,1.38888888888889,5000,98.6111111111111,355000,360000,2254067
592,Brazil,2018,68,584800,1.62790697674419,14000,98.3720930232558,846000,860000,209469320
593,Luxembourg,2018,70,840,8.33333333333333,100,91.6666666666667,1100,1200,607950
594,New Zealand,2018,79,2686,2.94117647058823,100,97.0588235294118,3300,3400,4900600
595,Switzerland,2018,87,14790,1.17647058823529,200,98.8235294117647,16800,17000,8514329
596,Sri Lanka,2018,43,1548,5.55555555555556,200,94.4444444444444,3400,3600,21670000
597,Azerbaijan,2018,43,4300,5,500,95,9500,10000,9939771
598,Timor-Leste,2018,33,396,8.33333333333333,100,91.6666666666667,1100,1200,1267975
599,Mongolia,2018,34,197.2,17.2413793103448,100,82.7586206896552,480,580,3170214
600,Norway,2018,89,3916,2.27272727272727,100,97.7272727272727,4300,4400,5311916
601,Equatorial Guinea,2019,37,22570,3.60655737704918,2200,96.3934426229508,58800,61000,1355982
602,Tajikistan,2019,59,7080,1.66666666666667,200,98.3333333333333,11800,12000,9321023
603,Angola,2019,30,93000,5.16129032258065,16000,94.8387096774194,294000,310000,31825299
604,Sierra Leone,2019,44,33440,4.47368421052632,3400,95.5263157894737,72600,76000,7813207
605,Latvia,2019,42,2940,1.42857142857143,100,98.5714285714286,6900,7000,1913822
606,Syrian Arab Republic,2019,38,250.8,15.1515151515152,100,84.8484848484848,560,660,17070132
607,Guinea-Bissau,2019,42,16380,4.61538461538462,1800,95.3846153846154,37200,39000,1920917
608,Liberia,2019,45,15750,4.28571428571429,1500,95.7142857142857,33500,35000,4937374
609,Kazakhstan,2019,60,17400,0.689655172413793,200,99.3103448275862,28800,29000,18513673
610,Comoros,2019,53,106,50,100,50,100,200,850891
611,Tunisia,2019,26,1300,10,500,90,4500,5000,11694721
612,Mauritania,2019,35,3325,5.57894736842105,530,94.421052631579,8970,9500,4525698
613,Fiji,2019,37,444,8.33333333333333,100,91.6666666666667,1100,1200,889955
614,Colombia,2019,57,91200,1.8125,2900,98.1875,157100,160000,50339443
615,Afghanistan,2019,11,1034,5.31914893617021,500,94.6808510638298,8900,9400,38041757
616,Malaysia,2019,53,39750,2.13333333333333,1600,97.8666666666667,73400,75000,31949789
617,Cameroon,2019,62,310000,3.2,16000,96.8,484000,500000,25876387
618,Belarus,2019,66,17820,0.740740740740741,200,99.2592592592593,26800,27000,9419758
619,Albania,2019,45,585,7.69230769230769,100,92.3076923076923,1200,1300,2854191
620,Nicaragua,2019,53,5830,4.54545454545455,500,95.4545454545455,10500,11000,6545503
621,Bulgaria,2019,56,1680,3.33333333333333,100,96.6666666666667,2900,3000,6975761
622,Bahrain,2019,66,330,20,100,80,400,500,1641164
623,Dominican Republic,2019,45,34650,3.50649350649351,2700,96.4935064935065,74300,77000,10738957
624,Guinea,2019,49,58800,3.75,4500,96.25,115500,120000,12771246
625,Qatar,2019,48,240,20,100,80,400,500,2832071
626,Montenegro,2019,56,280,20,100,80,400,500,622028
627,Togo,2019,70,77000,2.90909090909091,3200,97.0909090909091,106800,110000,8082359
628,Uganda,2019,80,1120000,1.42857142857143,20000,98.5714285714286,1380000,1400000,44269587
629,Haiti,2019,74,111000,1.46666666666667,2200,98.5333333333333,147800,150000,11263079
630,Gabon,2019,50,24000,3.95833333333333,1900,96.0416666666667,46100,48000,2172578
631,Mali,2019,43,47300,4.18181818181818,4600,95.8181818181818,105400,110000,19658023
632,Paraguay,2019,62,9300,3.33333333333333,500,96.6666666666667,14500,15000,7044639
633,Senegal,2019,73,29200,3.5,1400,96.5,38600,40000,16296362
634,Burundi,2019,89,72090,2.09876543209877,1700,97.9012345679012,79300,81000,11530577
635,Belize,2019,47,1598,5.88235294117647,200,94.1176470588235,3200,3400,390351
636,Madagascar,2019,11,5280,4.79166666666667,2300,95.2083333333333,45700,48000,26969306
637,Chad,2019,62,68200,3.18181818181818,3500,96.8181818181818,106500,110000,15946882
638,Mexico,2019,52,176800,1.5,5100,98.5,334900,340000,127575529
639,Georgia,2019,71,5112,1.38888888888889,100,98.6111111111111,7100,7200,3720161
640,Cuba,2019,74,24420,1.51515151515152,500,98.4848484848485,32500,33000,11333484
641,Burkina Faso,2019,76,69160,2.85714285714286,2600,97.1428571428571,88400,91000,20321383
642,Lebanon,2019,61,1708,3.57142857142857,100,96.4285714285714,2700,2800,6855709
643,Malawi,2019,84,831600,1.51515151515152,15000,98.4848484848485,975000,990000,18628749
644,Cabo Verde,2019,97,2328,4.16666666666667,100,95.8333333333333,2300,2400,549936
645,Eswatini,2019,89,195800,1.22727272727273,2700,98.7727272727273,217300,220000,1148133
646,Libya,2019,44,3388,2.5974025974026,200,97.4025974025974,7500,7700,6777453
647,Benin,2019,70,49000,3.14285714285714,2200,96.8571428571429,67800,70000,11801151
648,Kenya,2019,77,1078000,1.5,21000,98.5,1379000,1400000,52573967
649,Zimbabwe,2019,87,1131000,1.76923076923077,23000,98.2307692307692,1277000,1300000,14645473
650,Costa Rica,2019,60,9000,1.33333333333333,200,98.6666666666667,14800,15000,5047561
651,Algeria,2019,80,14400,2.77777777777778,500,97.2222222222222,17500,18000,43053054
652,Oman,2019,65,1495,4.34782608695652,100,95.6521739130435,2200,2300,4974992
653,Zambia,2019,83,1079000,1.76923076923077,23000,98.2307692307692,1277000,1300000,17861034
654,Trinidad and Tobago,2019,70,7700,4.54545454545455,500,95.4545454545455,10500,11000,1394969
655,Barbados,2019,59,1416,4.16666666666667,100,95.8333333333333,2300,2400,287021
656,Ethiopia,2019,76,471200,2.25806451612903,14000,97.741935483871,606000,620000,112078727
657,Greece,2019,69,10350,0.666666666666667,100,99.3333333333333,14900,15000,10721582
658,Romania,2019,66,12540,2.63157894736842,500,97.3684210526316,18500,19000,19371648
659,Rwanda,2019,88,202400,1.26086956521739,2900,98.7391304347826,227100,230000,12626938
660,Guyana,2019,65,5980,2.17391304347826,200,97.8260869565217,9000,9200,782775
661,Argentina,2019,67,87100,1.07692307692308,1400,98.9230769230769,128600,130000,44938712
662,Namibia,2019,83,174300,1.66666666666667,3500,98.3333333333333,206500,210000,2494524
663,Croatia,2019,78,1248,6.25,100,93.75,1500,1600,4065253
664,Serbia,2019,64,2112,3.03030303030303,100,96.969696969697,3200,3300,6945235
665,Cambodia,2019,81,61560,1.84210526315789,1400,98.1578947368421,74600,76000,16486542
666,Botswana,2019,87,313200,1.41666666666667,5100,98.5833333333333,354900,360000,2303703
667,Brazil,2019,69,614100,1.57303370786517,14000,98.4269662921348,876000,890000,211049519
668,Luxembourg,2019,72,936,7.69230769230769,100,92.3076923076923,1200,1300,620001
669,New Zealand,2019,79,2765,2.85714285714286,100,97.1428571428571,3400,3500,4979200
670,Switzerland,2019,88,14960,1.17647058823529,200,98.8235294117647,16800,17000,8575280
671,Sri Lanka,2019,51,1836,5.55555555555556,200,94.4444444444444,3400,3600,21803000
672,Azerbaijan,2019,50,5000,5,500,95,9500,10000,10024283
673,Timor-Leste,2019,42,504,8.33333333333333,100,91.6666666666667,1100,1200,1293120
674,Mongolia,2019,34,200.6,16.9491525423729,100,83.0508474576271,490,590,3225166
675,Norway,2019,90,4050,2.22222222222222,100,97.7777777777778,4400,4500,5347896
676,Equatorial Guinea,2020,40,25600,3.59375,2300,96.40625,61700,64000,1402985
677,Tajikistan,2020,63,8190,1.53846153846154,200,98.4615384615385,12800,13000,9537642
678,Angola,2020,35,108500,5.16129032258065,16000,94.8387096774194,294000,310000,32866268
679,Sierra Leone,2020,50,38000,4.21052631578947,3200,95.7894736842105,72800,76000,7976985
680,Latvia,2020,41,3034,1.35135135135135,100,98.6486486486487,7300,7400,1900449
681,Syrian Arab Republic,2020,39,284.7,13.6986301369863,100,86.3013698630137,630,730,17500657
682,Guinea-Bissau,2020,44,17160,4.35897435897436,1700,95.6410256410256,37300,39000,1967998
683,Liberia,2020,54,18360,3.82352941176471,1300,96.1764705882353,32700,34000,5057677
684,Kazakhstan,2020,63,20160,0.625,200,99.375,31800,32000,18755666
685,Comoros,2020,58,116,50,100,50,100,200,869595
686,Tunisia,2020,28,1456,9.61538461538462,500,90.3846153846154,4700,5200,11818618
687,Mauritania,2020,36,3384,5.42553191489362,510,94.5744680851064,8890,9400,4649660
688,Fiji,2020,39,507,7.69230769230769,100,92.3076923076923,1200,1300,896444
689,Colombia,2020,69,117300,1.35294117647059,2300,98.6470588235294,167700,170000,50882884
690,Afghanistan,2020,11,1100,5,500,95,9500,10000,38928341
691,Malaysia,2020,54,42120,2.05128205128205,1600,97.948717948718,76400,78000,32365998
692,Cameroon,2020,70,350000,2.8,14000,97.2,486000,500000,26545864
693,Belarus,2020,68,19040,0.714285714285714,200,99.2857142857143,27800,28000,9379952
694,Albania,2020,49,686,7.14285714285714,100,92.8571428571429,1300,1400,2837849
695,Nicaragua,2020,53,5830,4.54545454545455,500,95.4545454545455,10500,11000,6624554
696,Bulgaria,2020,58,1798,3.2258064516129,100,96.7741935483871,3000,3100,6934015
697,Bahrain,2020,69,345,20,100,80,400,500,1701583
698,Dominican Republic,2020,49,38220,3.2051282051282,2500,96.7948717948718,75500,78000,10847904
699,Guinea,2020,46,55200,3.33333333333333,4000,96.6666666666667,116000,120000,13132792
700,Qatar,2020,49,245,20,100,80,400,500,2881060
701,Montenegro,2020,58,290,20,100,80,400,500,621306
702,Togo,2020,75,82500,2.63636363636364,2900,97.3636363636364,107100,110000,8278737
703,Uganda,2020,81,1134000,1.28571428571429,18000,98.7142857142857,1382000,1400000,45741000
704,Haiti,2020,82,123000,1.26666666666667,1900,98.7333333333333,148100,150000,11402533
705,Gabon,2020,51,23970,4.04255319148936,1900,95.9574468085106,45100,47000,2225728
706,Mali,2020,54,59400,4.27272727272727,4700,95.7272727272727,105300,110000,20250834
707,Paraguay,2020,62,9920,3.125,500,96.875,15500,16000,7132530
708,Senegal,2020,76,30400,3,1200,97,38800,40000,16743930
709,Burundi,2020,91,72800,1.875,1500,98.125,78500,80000,11890781
710,Belize,2020,47,1598,5.88235294117647,200,94.1176470588235,3200,3400,397621
711,Madagascar,2020,11,5940,4.62962962962963,2500,95.3703703703704,51500,54000,27691019
712,Chad,2020,70,77000,2.81818181818182,3100,97.1818181818182,106900,110000,16425859
713,Mexico,2020,57,199500,1.45714285714286,5100,98.5428571428571,344900,350000,128932753
714,Georgia,2020,71,5467,1.2987012987013,100,98.7012987012987,7600,7700,3722716
715,Cuba,2020,72,25200,1.42857142857143,500,98.5714285714286,34500,35000,11326616
716,Burkina Faso,2020,78,69420,2.69662921348315,2400,97.3033707865169,86600,89000,20903278
717,Lebanon,2020,64,1856,3.44827586206897,100,96.551724137931,2800,2900,6825442
718,Malawi,2020,87,861300,1.31313131313131,13000,98.6868686868687,977000,990000,19129955
719,Cabo Verde,2020,98,2450,4,100,96,2400,2500,555988
720,Eswatini,2020,94,206800,1.27272727272727,2800,98.7272727272727,217200,220000,1160164
721,Libya,2020,41,3280,1.25,100,98.75,7900,8000,6871287
722,Benin,2020,76,52440,2.60869565217391,1800,97.3913043478261,67200,69000,12123198
723,Kenya,2020,78,1092000,1.57142857142857,22000,98.4285714285714,1378000,1400000,53771300
724,Zimbabwe,2020,91,1183000,1.69230769230769,22000,98.3076923076923,1278000,1300000,14862927
725,Costa Rica,2020,58,9280,1.25,200,98.75,15800,16000,5094114
726,Algeria,2020,80,16000,2.5,500,97.5,19500,20000,43851043
727,Oman,2020,60,1440,4.16666666666667,100,95.8333333333333,2300,2400,5106622
728,Zambia,2020,90,1170000,1.61538461538462,21000,98.3846153846154,1279000,1300000,18383956
729,Trinidad and Tobago,2020,65,7150,4.54545454545455,500,95.4545454545455,10500,11000,1399491
730,Barbados,2020,59,1416,4.16666666666667,100,95.8333333333333,2300,2400,287371
731,Ethiopia,2020,78,483600,2.09677419354839,13000,97.9032258064516,607000,620000,114963583
732,Greece,2020,70,11200,0.625,100,99.375,15900,16000,10700556
733,Romania,2020,65,13000,2.5,500,97.5,19500,20000,19257520
734,Rwanda,2020,90,207000,1.17391304347826,2700,98.8260869565217,227300,230000,12952209
735,Guyana,2020,62,5890,2.10526315789474,200,97.8947368421053,9300,9500,786559
736,Argentina,2020,69,96600,1,1400,99,138600,140000,45376763
737,Namibia,2020,85,178500,1.52380952380952,3200,98.4761904761905,206800,210000,2540916
738,Croatia,2020,77,1309,5.88235294117647,100,94.1176470588235,1600,1700,4047680
739,Serbia,2020,63,2142,2.94117647058823,100,97.0588235294118,3300,3400,6899126
740,Cambodia,2020,83,62250,1.6,1200,98.4,73800,75000,16718971
741,Botswana,2020,89,320400,1.33333333333333,4800,98.6666666666667,355200,360000,2351625
742,Brazil,2020,71,653200,1.41304347826087,13000,98.5869565217391,907000,920000,212559409
743,Luxembourg,2020,72,936,7.69230769230769,100,92.3076923076923,1200,1300,630419
744,New Zealand,2020,81,2916,2.77777777777778,100,97.2222222222222,3500,3600,5090200
745,Switzerland,2020,91,15470,1.17647058823529,200,98.8235294117647,16800,17000,8636561
746,Sri Lanka,2020,60,2160,2.77777777777778,100,97.2222222222222,3500,3600,21919000
747,Azerbaijan,2020,55,5500,2,200,98,9800,10000,10093121
748,Timor-Leste,2020,47,611,7.69230769230769,100,92.3076923076923,1200,1300,1318442
749,Mongolia,2020,37,225.7,16.3934426229508,100,83.6065573770492,510,610,3278292
750,Norway,2020,92,4140,2.22222222222222,100,97.7777777777778,4400,4500,5379475
751,Equatorial Guinea,2021,41,27060,3.48484848484849,2300,96.5151515151515,63700,66000,1449891
752,Tajikistan,2021,65,8450,1.53846153846154,200,98.4615384615385,12800,13000,9749625
753,Angola,2021,41,131200,4.6875,15000,95.3125,305000,320000,33933611
754,Sierra Leone,2021,61,46360,3.94736842105263,3000,96.0526315789474,73000,76000,8141343
755,Latvia,2021,39,3042,1.28205128205128,100,98.7179487179487,7700,7800,1883162
756,Syrian Arab Republic,2021,38,307.8,12.3456790123457,100,87.6543209876543,710,810,18275704
757,Guinea-Bissau,2021,45,18000,4.25,1700,95.75,38300,40000,2015490
758,Liberia,2021,61,20740,3.23529411764706,1100,96.7647058823529,32900,34000,5180208
759,Kazakhstan,2021,64,22400,0.571428571428571,200,99.4285714285714,34800,35000,19002586
760,Comoros,2021,61,122,50,100,50,100,200,888456
761,Tunisia,2021,29,1566,9.25925925925926,500,90.7407407407407,4900,5400,11935764
762,Mauritania,2021,38,3572,5.31914893617021,500,94.6808510638298,8900,9400,4775110
763,Fiji,2021,45,630,7.14285714285714,100,92.8571428571429,1300,1400,902899
764,Colombia,2021,74,125800,1,1700,99,168300,170000,51265841
765,Afghanistan,2021,10,1100,4.81818181818182,530,95.1818181818182,10470,11000,39835428
766,Malaysia,2021,55,45100,1.95121951219512,1600,98.0487804878049,80400,82000,32776195
767,Cameroon,2021,78,390000,2.6,13000,97.4,487000,500000,27224262
768,Belarus,2021,70,19600,0.714285714285714,200,99.2857142857143,27800,28000,9340314
769,Albania,2021,53,742,7.14285714285714,100,92.8571428571429,1300,1400,2811666
770,Nicaragua,2021,53,5830,4.54545454545455,500,95.4545454545455,10500,11000,6702379
771,Bulgaria,2021,60,1920,3.125,100,96.875,3100,3200,6899125
772,Bahrain,2021,63,315,20,100,80,400,500,1748295
773,Dominican Republic,2021,55,42900,2.94871794871795,2300,97.0512820512821,75700,78000,10953714
774,Guinea,2021,52,62400,3.25,3900,96.75,116100,120000,13497237
775,Qatar,2021,58,290,20,100,80,400,500,2930524
776,Montenegro,2021,58,290,20,100,80,400,500,620173
777,Togo,2021,76,83600,2.36363636363636,2600,97.6363636363636,107400,110000,8478242
778,Uganda,2021,82,1148000,1.21428571428571,17000,98.7857142857143,1383000,1400000,47123533
779,Haiti,2021,85,127500,1,1500,99,148500,150000,11541683
780,Gabon,2021,54,25380,4.25531914893617,2000,95.7446808510638,45000,47000,2278829
781,Mali,2021,53,58300,3.72727272727273,4100,96.2727272727273,105900,110000,20855724
782,Paraguay,2021,66,10560,3.125,500,96.875,15500,16000,7219641
783,Senegal,2021,79,31600,2.5,1000,97.5,39000,40000,17196308
784,Burundi,2021,93,74400,1.75,1400,98.25,78600,80000,12255429
785,Belize,2021,48,1680,5.71428571428571,200,94.2857142857143,3300,3500,404915
786,Madagascar,2021,15,9000,4.83333333333333,2900,95.1666666666667,57100,60000,28427333
787,Chad,2021,75,82500,2.45454545454545,2700,97.5454545454545,107300,110000,16914985
788,Mexico,2021,61,219600,1.27777777777778,4600,98.7222222222222,355400,360000,130262220
789,Georgia,2021,71,5751,1.23456790123457,100,98.7654320987654,8000,8100,3708610
790,Cuba,2021,72,25920,1.38888888888889,500,98.6111111111111,35500,36000,11317498
791,Burkina Faso,2021,84,73920,2.27272727272727,2000,97.7272727272727,86000,88000,21497097
792,Lebanon,2021,66,1980,3.33333333333333,100,96.6666666666667,2900,3000,6769151
793,Malawi,2021,91,900900,1.31313131313131,13000,98.6868686868687,977000,990000,19647681
794,Cabo Verde,2021,98,2548,3.84615384615385,100,96.1538461538462,2500,2600,561901
795,Eswatini,2021,91,200200,1.18181818181818,2600,98.8181818181818,217400,220000,1172369
796,Libya,2021,41,3403,2.40963855421687,200,97.5903614457831,8100,8300,6958538
797,Benin,2021,84,57960,2.31884057971014,1600,97.6811594202899,67400,69000,12451031
798,Kenya,2021,78,1092000,1.57142857142857,22000,98.4285714285714,1378000,1400000,54985702
799,Zimbabwe,2021,91,1183000,1.53846153846154,20000,98.4615384615385,1280000,1300000,15092171
800,Costa Rica,2021,66,11220,1.17647058823529,200,98.8235294117647,16800,17000,5139053
801,Algeria,2021,82,17220,2.38095238095238,500,97.6190476190476,20500,21000,44616626
802,Oman,2021,65,1625,4,100,96,2400,2500,5223376
803,Zambia,2021,90,1170000,1.46153846153846,19000,98.5384615384615,1281000,1300000,18920657
804,Trinidad and Tobago,2021,65,7150,4.54545454545455,500,95.4545454545455,10500,11000,1403374
805,Barbados,2021,60,1440,4.16666666666667,100,95.8333333333333,2300,2400,287708
806,Ethiopia,2021,78,475800,1.9672131147541,12000,98.0327868852459,598000,610000,117876226
807,Greece,2021,70,11900,0.588235294117647,100,99.4117647058824,16900,17000,10664568
808,Romania,2021,66,13200,2.5,500,97.5,19500,20000,19115146
809,Rwanda,2021,93,213900,1.04347826086957,2400,98.9565217391304,227600,230000,13276517
810,Guyana,2021,63,6111,2.06185567010309,200,97.9381443298969,9500,9700,790329
811,Argentina,2021,72,100800,0.928571428571429,1300,99.0714285714286,138700,140000,45808747
812,Namibia,2021,91,200200,1.31818181818182,2900,98.6818181818182,217100,220000,2587344
813,Croatia,2021,77,1386,5.55555555555556,100,94.4444444444444,1700,1800,3899000
814,Serbia,2021,64,2304,2.77777777777778,100,97.2222222222222,3500,3600,6844078
815,Cambodia,2021,84,62160,1.48648648648649,1100,98.5135135135135,72900,74000,16946446
816,Botswana,2021,92,331200,1.27777777777778,4600,98.7222222222222,355400,360000,2397240
817,Brazil,2021,73,700800,1.35416666666667,13000,98.6458333333333,947000,960000,213993441
818,Luxembourg,2021,76,1064,7.14285714285714,100,92.8571428571429,1300,1400,639070
819,New Zealand,2021,81,2916,2.77777777777778,100,97.2222222222222,3500,3600,5122600
820,Switzerland,2021,90,15300,1.17647058823529,200,98.8235294117647,16800,17000,8697723
821,Sri Lanka,2021,66,2376,2.77777777777778,100,97.2222222222222,3500,3600,22156000
822,Azerbaijan,2021,61,6100,2,200,98,9800,10000,10145212
823,Timor-Leste,2021,55,770,7.14285714285714,100,92.8571428571429,1300,1400,1343875
824,Mongolia,2021,38,239.4,15.8730158730159,100,84.1269841269841,530,630,3329282
825,Norway,2021,93,4278,2.17391304347826,100,97.8260869565217,4500,4600,5408320
